{"multigraph": false, "nodes": [{"type": "game", "name": "Project CARS", "genres": ["Action", "Casual"], "has_community_visible_stats": true, "id": "234630", "pagerank_filtered_centrality": 0.00023538619091221247, "degree": 744, "played_total_mins": 842040, "img_icon_url": "3817b4b626ac700dfa4266a3888f8e4d1ca03c7a", "pagerank_centrality": 0.00022861911237267388, "img_logo_url": "88acff9eeb54253571aef8c65e8cfc57dddad493"}, {"type": "game", "name": "Kerbal Space Program", "genres": ["Action", "Casual"], "has_community_visible_stats": false, "id": "220200", "pagerank_filtered_centrality": 0.0006659336561307933, "degree": 716, "played_total_mins": 2804950, "img_icon_url": "6dc8c1377c6b0ffedaeaec59c253f8c33fb3e62b", "pagerank_centrality": 0.0006458078980125732, "img_logo_url": "52c3e31754351fd276206aa7232972961fae0295"}, {"type": "game", "name": "Divinity: Original Sin 2", "genres": ["Action", "Casual"], "has_community_visible_stats": true, "id": "435150", "pagerank_filtered_centrality": 0.0003470191527765653, "degree": 491, "played_total_mins": 1462792, "img_icon_url": "519a99caef7c5e2b4625c8c2fa0620fb66a752f3", "pagerank_centrality": 0.00033632349915004104, "img_logo_url": "a83a75b8338e5576bea30f9f52c4eb2454e18efd"}, {"type": "game", "name": "Terraria", "genres": ["Action", "Casual"], "has_community_visible_stats": true, "id": "105600", "pagerank_filtered_centrality": 0.0017435184896905634, "degree": 2312, "played_total_mins": 6888746, "img_icon_url": "858961e95fbf869f136e1770d586e0caefd4cfac", "pagerank_centrality": 0.001691749338460467, "img_logo_url": "783399da7d865b7b5b1560891b1e9463345e8fa9"}, {"type": "game", "name": "Saints Row: The Third", "genres": ["Action", "Casual"], "has_community_visible_stats": true, "id": "55230", "pagerank_filtered_centrality": 0.000531243454744969, "degree": 2153, "played_total_mins": 1968210, "img_icon_url": "ec83645f13643999e7c91da75d418053d6b56529", "pagerank_centrality": 0.0005195147079285144, "img_logo_url": "1129528455a8b297fb6404cbb90e802a62881b11"}, {"type": "game", "name": "Heroes & Generals", "genres": ["Action", "Casual"], "has_community_visible_stats": true, "id": "227940", "pagerank_filtered_centrality": 0.0005494324125162182, "degree": 1753, "played_total_mins": 2546537, "img_icon_url": "dc7d500149f0281a62d9064aafce8d50f1685b5a", "pagerank_centrality": 0.0005289784585411113, "img_logo_url": "0700b3fd0b939bd2c058b5a47bf044d2e9fcfff9"}, {"type": "game", "name": "The Elder Scrolls Online: Tamriel Unlimited", "genres": ["Action", "Casual"], "has_community_visible_stats": false, "id": "306130", "pagerank_filtered_centrality": 0.0002698926531482275, "degree": 404, "played_total_mins": 1127768, "img_icon_url": "0635e306c86ebbf25a5dcd9f2cce7f9d18ca6692", "pagerank_centrality": 0.0002650178343598745, "img_logo_url": "dfc07b4975bc0310f260cc26fda081062b4bf661"}, {"type": "game", "name": "Time Clickers", "genres": ["Action", "Casual"], "has_community_visible_stats": true, "id": "385770", "pagerank_filtered_centrality": 0.00021659217904732624, "degree": 226, "played_total_mins": 763042, "img_icon_url": "7eaca926a86cd223e1e3e18b26ae4d03bbe9f755", "pagerank_centrality": 0.000212856997330905, "img_logo_url": "d2cb79d48c12eb90a5ad3b9c6b4af8f4a8dcc947"}, {"type": "game", "name": "Warhammer: End Times - Vermintide", "genres": ["Action", "Casual"], "has_community_visible_stats": true, "id": "235540", "pagerank_filtered_centrality": 0.00027805852720043096, "degree": 1088, "played_total_mins": 1154715, "img_icon_url": "3cafd917b91d728da170dc1f80e5ef53f83a2b62", "pagerank_centrality": 0.0002692665232395139, "img_logo_url": "2cccac90fd224bf6208d8b54ff0dc72b4ac99410"}, {"type": "game", "name": "Tom Clancy's Rainbow Six Siege", "genres": ["Action", "Casual"], "has_community_visible_stats": true, "id": "359550", "pagerank_filtered_centrality": 0.0006519869082462577, "degree": 646, "played_total_mins": 2953211, "img_icon_url": "b75ebf437f767a4444d324e1bbbff2a1a74a13ff", "pagerank_centrality": 0.0006312203388667813, "img_logo_url": "a2680b1788912ac8bfa5de06802ffd2e786922a9"}, {"type": "game", "name": "Batman: Arkham City GOTY", "genres": ["Action", "Casual"], "has_community_visible_stats": true, "id": "200260", "pagerank_filtered_centrality": 0.0002663840913159959, "degree": 2338, "played_total_mins": 927618, "img_icon_url": "746ecf3ce44b2525eb7ad643e76a3b60913d2662", "pagerank_centrality": 0.0002595475963800334, "img_logo_url": "9b229e12fd5ce27bd101d5862c19b1a6e3d01239"}, {"type": "game", "name": "Portal 2", "genres": ["Action", "Casual"], "has_community_visible_stats": true, "id": "620", "pagerank_filtered_centrality": 0.0010633974876820681, "degree": 3907, "played_total_mins": 3760681, "img_icon_url": "2e478fc6874d06ae5baf0d147f6f21203291aa02", "pagerank_centrality": 0.0010316378818527217, "img_logo_url": "d2a1119ddc202fab81d9b87048f495cbd6377502"}, {"type": "game", "name": "Path of Exile", "genres": ["Action", "Casual"], "has_community_visible_stats": true, "id": "238960", "pagerank_filtered_centrality": 0.003952765643757309, "degree": 2742, "played_total_mins": 19377736, "img_icon_url": "1110764aac57ac28d7ffd8c43071c75d5482a9c9", "pagerank_centrality": 0.0038134040243917662, "img_logo_url": "a71bd4fa0b3f84292c5e4d026e0f2acb6bc6c268"}, {"type": "game", "name": "Football Manager 2010", "genres": ["Action", "Casual"], "has_community_visible_stats": true, "id": "34000", "pagerank_filtered_centrality": 0.0003460230988513994, "degree": 121, "played_total_mins": 1699861, "img_icon_url": "4abba1507afa898fac7e163b1dd79d80ed6eb3ce", "pagerank_centrality": 0.0003291352016488882, "img_logo_url": "71acb307b1587c6b45a68fcc35049682406a48f3"}, {"type": "game", "name": "Empire: Total War", "genres": ["Action", "Casual"], "has_community_visible_stats": true, "id": "10500", "pagerank_filtered_centrality": 0.0006562480024800546, "degree": 1039, "played_total_mins": 2818198, "img_icon_url": "dc10f7bad53d3d922c196d116b1c5d6a4b274768", "pagerank_centrality": 0.0006330846727747781, "img_logo_url": "d60c77df97439e8434f0d0be9c3e2d9f39699991"}, {"type": "game", "name": "Cities: Skylines", "genres": ["Action", "Casual"], "has_community_visible_stats": true, "id": "255710", "pagerank_filtered_centrality": 0.0005687389054544608, "degree": 1322, "played_total_mins": 2328363, "img_icon_url": "6cf7b10dd29db28448ef79698ed2118a03617d63", "pagerank_centrality": 0.0005498457637119585, "img_logo_url": "1b90f32be112870a4fa22c819a358d047b38d97f"}, {"type": "game", "name": "Quake Live", "genres": ["Action", "Casual"], "has_community_visible_stats": true, "id": "282440", "pagerank_filtered_centrality": 0.00030811240892702373, "degree": 1404, "played_total_mins": 1203960, "img_icon_url": "bac9828d3e193c948801b14660490576fbbf9f72", "pagerank_centrality": 0.00029636022604002384, "img_logo_url": "bba7e836bc54e709020ee4d95c08f4dff1d23537"}, {"type": "game", "name": "Chivalry: Medieval Warfare", "genres": ["Action", "Casual"], "has_community_visible_stats": true, "id": "219640", "pagerank_filtered_centrality": 0.0005867743817091195, "degree": 2452, "played_total_mins": 2600167, "img_icon_url": "d4628be29b7e97d93a3404870dfe79642b90b907", "pagerank_centrality": 0.0005675754435720829, "img_logo_url": "dd3488ae69593cedf5e73b818ae98e6737aa956c"}, {"type": "game", "name": "Divinity: Original Sin (Classic)", "genres": ["Action", "Casual"], "has_community_visible_stats": true, "id": "230230", "pagerank_filtered_centrality": 0.000237859015716815, "degree": 803, "played_total_mins": 919914, "img_icon_url": "ca9cdafd4257253dba68babeed300874190fbbff", "pagerank_centrality": 0.00023443121542800357, "img_logo_url": "255a3ee6afe89fb84f34a8bba0faa7818f0ed400"}, {"type": "game", "name": "Just Survive", "genres": ["Action", "Casual"], "has_community_visible_stats": false, "id": "295110", "pagerank_filtered_centrality": 0.0015884185162289535, "degree": 1169, "played_total_mins": 8305620, "img_icon_url": "62defe57b364721d8947761c9998643ae5afaad1", "pagerank_centrality": 0.0015234609454338598, "img_logo_url": "8d70843e7acf946c9f91b7da070b5e7ec80a232a"}, {"type": "game", "name": "Just Cause 2", "genres": ["Action", "Casual"], "has_community_visible_stats": true, "id": "8190", "pagerank_filtered_centrality": 0.0002387997436663439, "degree": 1833, "played_total_mins": 869029, "img_icon_url": "73582e392a2b9413fe93b011665a5b9cf26ff175", "pagerank_centrality": 0.0002329564336143388, "img_logo_url": "26c2c027f835e968d78b212b4cc6438f692b027a"}, {"type": "game", "name": "Torchlight II", "genres": ["Action", "Casual"], "has_community_visible_stats": true, "id": "200710", "pagerank_filtered_centrality": 0.0006891030535071273, "degree": 2175, "played_total_mins": 2666366, "img_icon_url": "40776762bb63c4eded37d1a2b4431a90aa57ea84", "pagerank_centrality": 0.0006666978833571541, "img_logo_url": "fd37abb86628ff54ed304f75c2fb7cf75a4f6902"}, {"type": "game", "name": "Crusaders of the Lost Idols", "genres": ["Action", "Casual"], "has_community_visible_stats": true, "id": "402840", "pagerank_filtered_centrality": 0.0004703427501944567, "degree": 239, "played_total_mins": 1474789, "img_icon_url": "a3fb25412fc371647571cdef8c970acbe1db2cee", "pagerank_centrality": 0.00046857192136892564, "img_logo_url": "6314cbd76620a1379e348b936440ee145126c8ff"}, {"type": "game", "name": "Hitman: Absolution", "genres": ["Action", "Casual"], "has_community_visible_stats": true, "id": "203140", "pagerank_filtered_centrality": 0.00021203779590569583, "degree": 1592, "played_total_mins": 799000, "img_icon_url": "fe5e36ac1548793eb48b6b25b701b37d86fb94a3", "pagerank_centrality": 0.00020667699751390263, "img_logo_url": "b86fc98f1d9d4339deff8a1cf117cc3c7080ff55"}, {"type": "game", "name": "Dota 2", "genres": ["Action", "Casual"], "has_community_visible_stats": false, "id": "570", "pagerank_filtered_centrality": 0.027478065848714345, "degree": 4958, "played_total_mins": 150112590, "img_icon_url": "0bbb630d63262dd66d2fdd0f7d37e8661a410075", "pagerank_centrality": 0.02632583498014951, "img_logo_url": "d4f836839254be08d8e9dd333ecc9a01782c26d2"}, {"type": "game", "name": "Star Trek Online", "genres": ["Action", "Casual"], "has_community_visible_stats": true, "id": "9900", "pagerank_filtered_centrality": 0.00031691766210354295, "degree": 400, "played_total_mins": 1355242, "img_icon_url": "d28078028553a1b35176046cbbfd23b0b2f7c67e", "pagerank_centrality": 0.00030855187990229594, "img_logo_url": "d87a910f45f23eb9c5de4973d249492058e46f89"}, {"type": "game", "name": "Grand Theft Auto V", "genres": ["Action", "Casual"], "has_community_visible_stats": true, "id": "271590", "pagerank_filtered_centrality": 0.0031952954827839317, "degree": 1895, "played_total_mins": 13847868, "img_icon_url": "1e72f87eb927fa1485e68aefaff23c7fd7178251", "pagerank_centrality": 0.0031063113409967058, "img_logo_url": "e447e82f8b0c67f9e001498503c62f2a187bc609"}, {"type": "game", "name": "Borderlands", "genres": ["Action", "Casual"], "has_community_visible_stats": true, "id": "8980", "pagerank_filtered_centrality": 0.0009716559432207809, "degree": 2180, "played_total_mins": 3770676, "img_icon_url": "eb45fb32b7f4e75564a30a52aa3c35a191253ea0", "pagerank_centrality": 0.0009448029393661567, "img_logo_url": "88ec298ff1ff0d748df39e084892aed6e919b146"}, {"type": "game", "name": "Space Engineers", "genres": ["Action", "Casual"], "has_community_visible_stats": true, "id": "244850", "pagerank_filtered_centrality": 0.0004905416389508251, "degree": 919, "played_total_mins": 2209681, "img_icon_url": "0878b7de9fb16056144e8c6dd93f06a0d3f0e36a", "pagerank_centrality": 0.00047512147383868526, "img_logo_url": "115f18763462ece5478d6096b22fd2f1faca0788"}, {"type": "game", "name": "Warhammer 40,000: Dawn of War II - Retribution", "genres": ["Action", "Casual"], "has_community_visible_stats": true, "id": "56400", "pagerank_filtered_centrality": 0.0003438397288561067, "degree": 1100, "played_total_mins": 1447280, "img_icon_url": "56241ad73fdc9a4d208d5417a0d9109e9a6e29cd", "pagerank_centrality": 0.0003328249718809006, "img_logo_url": "df63f6688e90e8874061e268556f88af2f712f5e"}, {"type": "game", "name": "Street Fighter V: Arcade Edition", "genres": ["Action", "Casual"], "has_community_visible_stats": true, "id": "310950", "pagerank_filtered_centrality": 0.00034759440072730454, "degree": 276, "played_total_mins": 1567129, "img_icon_url": "ea0db9dc61e606b544fa30d21d31354998ca1f95", "pagerank_centrality": 0.00033413238311271295, "img_logo_url": "dc8c23570a919e8f2ac14b87d21b169bf740b12d"}, {"type": "game", "name": "The Walking Dead", "genres": ["Action", "Casual"], "has_community_visible_stats": true, "id": "207610", "pagerank_filtered_centrality": 0.0002753387649721056, "degree": 2008, "played_total_mins": 980955, "img_icon_url": "87a13ae0a2a76488792924aa8bb0dd8a7760f931", "pagerank_centrality": 0.0002675778100977046, "img_logo_url": "6d756726214dd97c54966814d58508b86d5eabcf"}, {"type": "game", "name": "Quake Champions", "genres": ["Action", "Casual"], "has_community_visible_stats": true, "id": "611500", "pagerank_filtered_centrality": 0.0002719596760857924, "degree": 436, "played_total_mins": 434110, "img_icon_url": "539032fb1e8b41d0a48ff11bf63bfe7918ace24c", "pagerank_centrality": 0.00026283631661792666, "img_logo_url": "f5e57fa0fe261e947ab4935481fc66d4ff8808aa"}, {"type": "game", "name": "FINAL FANTASY VII", "genres": ["Action", "Casual"], "has_community_visible_stats": true, "id": "39140", "pagerank_filtered_centrality": 0.0002161622984784344, "degree": 844, "played_total_mins": 834543, "img_icon_url": "dc89ce8f07d5ec36a5617a66fe16e3541d2cc172", "pagerank_centrality": 0.00020856585116289897, "img_logo_url": "a54e96c44d2b2c65a75702655ef47df336e0492a"}, {"type": "game", "name": "Rocket League", "genres": ["Action", "Casual"], "has_community_visible_stats": true, "id": "252950", "pagerank_filtered_centrality": 0.004525338351829407, "degree": 2435, "played_total_mins": 20470520, "img_icon_url": "9ad6dd3d173523354385955b5fb2af87639c4163", "pagerank_centrality": 0.004364563788447327, "img_logo_url": "3854e40582bc14b8ba3c9ee163a0fa64bc538def"}, {"type": "game", "name": "SteamVR", "genres": ["Action", "Casual"], "has_community_visible_stats": false, "id": "250820", "pagerank_filtered_centrality": 0.00037652074599911424, "degree": 423, "played_total_mins": 1037091, "img_icon_url": "7f286d5ee22905b51663e0cea505e1c2f7500f36", "pagerank_centrality": 0.00037459583325555285, "img_logo_url": "cb78fa6183c3c876ad90ed6d377cc2e98f8dfb59"}, {"type": "game", "name": "Realm Grinder", "genres": ["Action", "Casual"], "has_community_visible_stats": true, "id": "610080", "pagerank_filtered_centrality": 0.00022546036124900245, "degree": 134, "played_total_mins": 882424, "img_icon_url": "67df032543bc5c8b24c2e704a63e11f3b2c1e926", "pagerank_centrality": 0.0002201224519378157, "img_logo_url": "ca44a315946ee632927dc6e62170949c6e2a5070"}, {"type": "game", "name": "Half-Life", "genres": ["Action", "Casual"], "has_community_visible_stats": true, "id": "70", "pagerank_filtered_centrality": 0.0008207593650704452, "degree": 10429, "played_total_mins": 3024322, "img_icon_url": "95be6d131fc61f145797317ca437c9765f24b41c", "pagerank_centrality": 0.0008134658670651456, "img_logo_url": "6bd76ff700a8c7a5460fbae3cf60cb930279897d"}, {"type": "game", "name": "DARK SOULS\u2122 III", "genres": ["Action", "Casual"], "has_community_visible_stats": true, "id": "374320", "pagerank_filtered_centrality": 0.0007209399578103351, "degree": 1052, "played_total_mins": 3125164, "img_icon_url": "7abe1a33129c20cf10d2c74128bbd657a2a2c806", "pagerank_centrality": 0.0006978025461364176, "img_logo_url": "54f76fd3abdd1446260f28ccc0cbc76034b32de9"}, {"type": "game", "name": "Counter-Strike: Condition Zero", "genres": ["Action", "Casual"], "has_community_visible_stats": false, "id": "80", "pagerank_filtered_centrality": 0.0017183870822936721, "degree": 3918, "played_total_mins": 6333318, "img_icon_url": "077b050ef3e89cd84e2c5a575d78d53b54058236", "pagerank_centrality": 0.001651475446804496, "img_logo_url": "acdb28ba1b4c2fcc526332c1b63fc0f7533f087f"}, {"type": "game", "name": "PAYDAY: The Heist", "genres": ["Action", "Casual"], "has_community_visible_stats": true, "id": "24240", "pagerank_filtered_centrality": 0.00023715195585419983, "degree": 1984, "played_total_mins": 883788, "img_icon_url": "a07ceea8808f1a2104ed1c864756f263ec67df49", "pagerank_centrality": 0.00023091134690405188, "img_logo_url": "985cce1caab10e5b5f11af73c75fe0c5411ed76a"}, {"type": "game", "name": "Arma 2: Operation Arrowhead", "genres": ["Action", "Casual"], "has_community_visible_stats": true, "id": "33930", "pagerank_filtered_centrality": 0.0013128137386225161, "degree": 1885, "played_total_mins": 5907407, "img_icon_url": "32431d84014bf4652181f45bc7c06f1ca3f34363", "pagerank_centrality": 0.0012655246409656433, "img_logo_url": "c5eaa05810878e600d117be1c96107a20cd9b262"}, {"type": "game", "name": "Football Manager 2014", "genres": ["Action", "Casual"], "has_community_visible_stats": true, "id": "231670", "pagerank_filtered_centrality": 0.0005777728821555482, "degree": 221, "played_total_mins": 2982669, "img_icon_url": "63ada846d8e0fcea3de018c6429482aeb4e5cce6", "pagerank_centrality": 0.0005513388998451892, "img_logo_url": "33b4e554f85db531c4fc4ce0b8cd6ad5d005dca7"}, {"type": "game", "name": "Far Cry\u00ae 3", "genres": ["Action", "Casual"], "has_community_visible_stats": false, "id": "220240", "pagerank_filtered_centrality": 0.0003898341070316134, "degree": 1298, "played_total_mins": 1533677, "img_icon_url": "8231f43d3dd47fb4b4111fd6bd4a849e73eb0520", "pagerank_centrality": 0.0003808687694273933, "img_logo_url": "47811cc7821070306a24622b5d33c04c85264279"}, {"type": "game", "name": "Team Fortress Classic", "genres": ["Action", "Casual"], "has_community_visible_stats": true, "id": "20", "pagerank_filtered_centrality": 0.0011502059695970058, "degree": 10351, "played_total_mins": 5392425, "img_icon_url": "38ea7ebe3c1abbbbf4eabdbef174c41a972102b9", "pagerank_centrality": 0.0011253160870333958, "img_logo_url": "515bc393c861d91b9165f0697040c015f50bcb5e"}, {"type": "game", "name": "Day of Defeat: Source", "genres": ["Action", "Casual"], "has_community_visible_stats": true, "id": "300", "pagerank_filtered_centrality": 0.0032449993146274414, "degree": 4301, "played_total_mins": 11517055, "img_icon_url": "062754bb5853b0534283ae27dc5d58200692b22d", "pagerank_centrality": 0.003123625464861891, "img_logo_url": "e3a4313690bd551495a88e1c01951eb26cec7611"}, {"type": "game", "name": "Tomb Raider", "genres": ["Action", "Casual"], "has_community_visible_stats": true, "id": "203160", "pagerank_filtered_centrality": 0.0003717075587347356, "degree": 2188, "played_total_mins": 1289987, "img_icon_url": "3ee640a8aba6992678e36f4e40cba9c71c02348b", "pagerank_centrality": 0.00036117882798785995, "img_logo_url": "495f7d723659add6ea476b3699be5424282ac4b8"}, {"type": "game", "name": "Saints Row IV", "genres": ["Action", "Casual"], "has_community_visible_stats": true, "id": "206420", "pagerank_filtered_centrality": 0.0002576235035635408, "degree": 1123, "played_total_mins": 915258, "img_icon_url": "b5e8448a3e2ea31ddf3595addae4e1eee2375c0d", "pagerank_centrality": 0.0002523218124505769, "img_logo_url": "6f7e659c6b58971ebf9710b7f0048c20c68aadd7"}, {"type": "game", "name": "RimWorld", "genres": ["Action", "Casual"], "has_community_visible_stats": true, "id": "294100", "pagerank_filtered_centrality": 0.0003380108167240097, "degree": 336, "played_total_mins": 1445294, "img_icon_url": "16a058f830fbd70d4e40059920c53c6029fcc9ca", "pagerank_centrality": 0.0003283794394062809, "img_logo_url": "f2bae02aee38fde8d8dfb552a62703f26dab5cb5"}, {"type": "game", "name": "Football Manager 2015", "genres": ["Action", "Casual"], "has_community_visible_stats": true, "id": "295270", "pagerank_filtered_centrality": 0.0006120985930011231, "degree": 183, "played_total_mins": 3312384, "img_icon_url": "0a8a105b187f64a01c58acc82a22bc14b40b4920", "pagerank_centrality": 0.0005846464633413263, "img_logo_url": "baaf9480951991f90a876a1e2291c4d55af5c46a"}, {"type": "game", "name": "Don't Starve", "genres": ["Action", "Casual"], "has_community_visible_stats": false, "id": "219740", "pagerank_filtered_centrality": 0.00022689691685769993, "degree": 1275, "played_total_mins": 874343, "img_icon_url": "03fe647df40dccc4d19bf42a0185cd3e6b9f2953", "pagerank_centrality": 0.00022089939367173045, "img_logo_url": "46cbbc2fcb14eb0bbbbaebbdf0b1e0eaf6f4c646"}, {"type": "game", "name": "Batman\u2122: Arkham Origins", "genres": ["Action", "Casual"], "has_community_visible_stats": true, "id": "209000", "pagerank_filtered_centrality": 0.00023857592544878156, "degree": 1348, "played_total_mins": 821948, "img_icon_url": "76dac70a2206de1a80da4950da43e1b05ea302a8", "pagerank_centrality": 0.00023235872846338892, "img_logo_url": "21a0c80630abe3a9dceddcbc224ed6b5b763c5b9"}, {"type": "game", "name": "Counter-Strike", "genres": ["Action", "Casual"], "has_community_visible_stats": true, "id": "10", "pagerank_filtered_centrality": 0.03958053429592272, "degree": 11003, "played_total_mins": 159027385, "img_icon_url": "6b0312cda02f5f777efa2f3318c307ff9acafbb5", "pagerank_centrality": 0.03794862364204096, "img_logo_url": "af890f848dd606ac2fd4415de3c3f5e7a66fcb9f"}, {"type": "game", "name": "Paladins", "genres": ["Action", "Casual"], "has_community_visible_stats": true, "id": "444090", "pagerank_filtered_centrality": 0.00048068679033069615, "degree": 1284, "played_total_mins": 1997934, "img_icon_url": "d65b24da8ae86719da25053122ca6c8f37e23c09", "pagerank_centrality": 0.0004681493029636332, "img_logo_url": "a4bdf262947bdd4b7c030ea12b214207727961d4"}, {"type": "game", "name": "Batman: Arkham Asylum GOTY Edition", "genres": ["Action", "Casual"], "has_community_visible_stats": true, "id": "35140", "pagerank_filtered_centrality": 0.0002301605168617935, "degree": 2201, "played_total_mins": 809671, "img_icon_url": "e52f91ecb0d3f20263e96fe188de1bcc8c91643e", "pagerank_centrality": 0.00022467444742442342, "img_logo_url": "172e0928b845c18491f1a8fee0dafe7a146ac129"}, {"type": "game", "name": "Football Manager 2017", "genres": ["Action", "Casual"], "has_community_visible_stats": true, "id": "482730", "pagerank_filtered_centrality": 0.0004348699788646674, "degree": 149, "played_total_mins": 2227813, "img_icon_url": "695a3f30fe84f3cd09583402add31b7227e8b61a", "pagerank_centrality": 0.0004175654863885858, "img_logo_url": "73bc4b50a52419749c080c7cfd89f05e41efe361"}, {"type": "game", "name": "Football Manager 2009", "genres": ["Action", "Casual"], "has_community_visible_stats": false, "id": "10540", "pagerank_filtered_centrality": 0.00021845965851685056, "degree": 131, "played_total_mins": 919328, "img_icon_url": "eb4a99a1ab712d455b511932fdca46ef0d99d543", "pagerank_centrality": 0.000207452523634853, "img_logo_url": "fab3473a30b36e208d5187f3d6c80741690f6827"}, {"type": "game", "name": "Infestation: Survivor Stories Classic", "genres": ["Action", "Casual"], "has_community_visible_stats": false, "id": "226700", "pagerank_filtered_centrality": 0.000399191095510438, "degree": 586, "played_total_mins": 1969943, "img_icon_url": "c3a1b0ff56c6e8ad7e71d905a5f9d1a8cee90841", "pagerank_centrality": 0.0003834058349703582, "img_logo_url": "69e0c20fd13765b5e9abb62052ffe839217f8963"}, {"type": "game", "name": "Rust", "genres": ["Action", "Casual"], "has_community_visible_stats": true, "id": "252490", "pagerank_filtered_centrality": 0.0037058545198756167, "degree": 1971, "played_total_mins": 18748245, "img_icon_url": "820be4782639f9c4b64fa3ca7e6c26a95ae4fd1c", "pagerank_centrality": 0.0035715295845351117, "img_logo_url": "d83228eaef6c95c244976b6dc6ab357e6c7f0911"}, {"type": "game", "name": "Darkest Dungeon", "genres": ["Action", "Casual"], "has_community_visible_stats": true, "id": "262060", "pagerank_filtered_centrality": 0.00030245428969510754, "degree": 746, "played_total_mins": 1197394, "img_icon_url": "af219e7f9ed0506cb0954aabb7f24a45e38d28e4", "pagerank_centrality": 0.0002923108707249697, "img_logo_url": "22ec3716f853524c8367d7463fc102d18dd514fe"}, {"type": "game", "name": "SMITE", "genres": ["Action", "Casual"], "has_community_visible_stats": true, "id": "386360", "pagerank_filtered_centrality": 0.0005822038941979955, "degree": 945, "played_total_mins": 2576836, "img_icon_url": "7ed9de7bbfab9accb81e47b84943e7478baf2f3a", "pagerank_centrality": 0.0005650480139422646, "img_logo_url": "db36e43d2de5bf8913e5022425577866b2e8fd11"}, {"type": "game", "name": "XCOM: Enemy Unknown", "genres": ["Action", "Casual"], "has_community_visible_stats": true, "id": "200510", "pagerank_filtered_centrality": 0.0010168797469731073, "degree": 2063, "played_total_mins": 3980857, "img_icon_url": "48be2fee1d0d511b5c7313e1359beafd36ea92ed", "pagerank_centrality": 0.000987241356086519, "img_logo_url": "eaa298d2b0d908b2c4f5370d2c8c59a8eff887c6"}, {"type": "game", "name": "Universe Sandbox", "genres": ["Action", "Casual"], "has_community_visible_stats": true, "id": "72200", "pagerank_filtered_centrality": 0.0002484611769979341, "degree": 577, "played_total_mins": 1382010, "img_icon_url": "7ccd8ffa244e23fa3aeb058207ab4a50777a1c69", "pagerank_centrality": 0.00023982504241071195, "img_logo_url": "e18118df8174e2e0538be9fc2e9f8fac9e8e5d8c"}, {"type": "game", "name": "FINAL FANTASY XIV Online", "genres": ["Action", "Casual"], "has_community_visible_stats": false, "id": "39210", "pagerank_filtered_centrality": 0.0006150419259189068, "degree": 216, "played_total_mins": 2930368, "img_icon_url": "30461ee9c8aed2e353ba95f13733acbef517309c", "pagerank_centrality": 0.0005949434545062108, "img_logo_url": "7888f35ccda304c0421951950c74b28357ea09bd"}, {"type": "game", "name": "Awesomenauts", "genres": ["Action", "Casual"], "has_community_visible_stats": true, "id": "204300", "pagerank_filtered_centrality": 0.0004954289724063146, "degree": 1336, "played_total_mins": 1855149, "img_icon_url": "4996933171d0804bd0ceb7b9a0e224b3139d18ba", "pagerank_centrality": 0.00048143041803953303, "img_logo_url": "2d92dc3a4b10e3e66340ebe53266b901e25ee52f"}, {"type": "game", "name": "Grand Theft Auto IV", "genres": ["Action", "Casual"], "has_community_visible_stats": true, "id": "12210", "pagerank_filtered_centrality": 0.0007020712539744744, "degree": 2268, "played_total_mins": 2865059, "img_icon_url": "a3cf6a64c73f991898a9e34681d0db8226eaa191", "pagerank_centrality": 0.0006799649246896991, "img_logo_url": "47fb2a3e0763be24e49662591d6e076c58b2178d"}, {"type": "game", "name": "Natural Selection 2", "genres": ["Action", "Casual"], "has_community_visible_stats": true, "id": "4920", "pagerank_filtered_centrality": 0.0019728045987126488, "degree": 2238, "played_total_mins": 8596225, "img_icon_url": "6c2af07776e2042ee63bc3b6aeda129b88939829", "pagerank_centrality": 0.0019163513383829737, "img_logo_url": "ab7b1142e17865e6d3472d3fd4b345620ec5f36f"}, {"type": "game", "name": "Half-Life 2: Episode Two", "genres": ["Action", "Casual"], "has_community_visible_stats": true, "id": "420", "pagerank_filtered_centrality": 0.00021180599124134155, "degree": 3680, "played_total_mins": 701415, "img_icon_url": "795e85364189511f4990861b578084deef086cb1", "pagerank_centrality": 0.00020936211772257495, "img_logo_url": "553e6a2e7a469dcbaada729baa1f5fd7764668df"}, {"type": "game", "name": "FTL: Faster Than Light", "genres": ["Action", "Casual"], "has_community_visible_stats": false, "id": "212680", "pagerank_filtered_centrality": 0.0006341149697526816, "degree": 1776, "played_total_mins": 2452670, "img_icon_url": "e8770ddb95fde0804694b116dfe3479f5a65900d", "pagerank_centrality": 0.0006165761384619276, "img_logo_url": "975193db5ca8cc2a4c969cea8f80d93157264ec1"}, {"type": "game", "name": "Killing Floor 2", "genres": ["Action", "Casual"], "has_community_visible_stats": true, "id": "232090", "pagerank_filtered_centrality": 0.0007408242681541787, "degree": 1000, "played_total_mins": 3270569, "img_icon_url": "15837cefb378766e9916548f8591b6eb490b9e52", "pagerank_centrality": 0.0007201151203207616, "img_logo_url": "97d6a09bcca126ebaf1488b0faed79c6772716cb"}, {"type": "game", "name": "Tree of Savior (English Ver.)", "genres": ["Action", "Casual"], "has_community_visible_stats": true, "id": "372000", "pagerank_filtered_centrality": 0.00025209706884439634, "degree": 455, "played_total_mins": 1172725, "img_icon_url": "e9cc4c5a7366eda4d695583493aa56220eea5de4", "pagerank_centrality": 0.0002424220834540019, "img_logo_url": "9817a0cbc3e917a98df329e8c8f5571981e00721"}, {"type": "game", "name": "Rise of the Tomb Raider", "genres": ["Action", "Casual"], "has_community_visible_stats": true, "id": "391220", "pagerank_filtered_centrality": 0.0002626377348440264, "degree": 1022, "played_total_mins": 922366, "img_icon_url": "0b8a37f32ed2b7c934be8aa94d53f71e274c6497", "pagerank_centrality": 0.00025465837014419253, "img_logo_url": "5270d12abfc683e6f1d39e7ac0b6f2db366e7209"}, {"type": "game", "name": "Marvel Heroes Omega", "genres": ["Action", "Casual"], "has_community_visible_stats": true, "id": "226320", "pagerank_filtered_centrality": 0.0005405528100301805, "degree": 923, "played_total_mins": 2369282, "img_icon_url": "f9e8431600ea2ac6b15d81bd6c38e63c13ba2bbd", "pagerank_centrality": 0.0005223674442661711, "img_logo_url": "bc87df38022b92d3482ac5c375371a32bb0760a8"}, {"type": "game", "name": "Dragon Age: Origins", "genres": ["Action", "Casual"], "has_community_visible_stats": false, "id": "17450", "pagerank_filtered_centrality": 0.0003565089090806227, "degree": 645, "played_total_mins": 1415648, "img_icon_url": "8cc583d72b84ae9a4026c762e130869127dd05e4", "pagerank_centrality": 0.0003451443977337115, "img_logo_url": "c313ab7941ba8375dd17a0531b724ef94ca54dea"}, {"type": "game", "name": "Counter-Strike: Source", "genres": ["Action", "Casual"], "has_community_visible_stats": true, "id": "240", "pagerank_filtered_centrality": 0.01706036655461455, "degree": 7983, "played_total_mins": 75093937, "img_icon_url": "9052fa60c496a1c03383b27687ec50f4bf0f0e10", "pagerank_centrality": 0.016321445675015863, "img_logo_url": "ee97d0dbf3e5d5d59e69dc20b98ed9dc8cad5283"}, {"type": "game", "name": "Total War: WARHAMMER", "genres": ["Action", "Casual"], "has_community_visible_stats": true, "id": "364360", "pagerank_filtered_centrality": 0.0006537942964722184, "degree": 882, "played_total_mins": 2943035, "img_icon_url": "918a2af60362c81e36dabb20bf99c4d1aea45ff8", "pagerank_centrality": 0.0006305000392471515, "img_logo_url": "cce5cf47318bfebf31c26307bcd33fc9302d364e"}, {"type": "game", "name": "The Witcher: Enhanced Edition", "genres": ["Action", "Casual"], "has_community_visible_stats": false, "id": "20900", "pagerank_filtered_centrality": 0.00027245497895163497, "degree": 1588, "played_total_mins": 1000926, "img_icon_url": "746d1cd48fb2e57d579b05b6e9eccba95859e549", "pagerank_centrality": 0.0002647392740820626, "img_logo_url": "d37dedbc4104d1683385d022314d1316399b3dce"}, {"type": "game", "name": "Killing Floor", "genres": ["Action", "Casual"], "has_community_visible_stats": true, "id": "1250", "pagerank_filtered_centrality": 0.0014675769829107115, "degree": 2421, "played_total_mins": 6213069, "img_icon_url": "d8a2d777cb4c59cf06aa244166db232336520547", "pagerank_centrality": 0.0014272480583628364, "img_logo_url": "354c07a75cc16f6bf551b81d27f4eee3436fc2fb"}, {"type": "game", "name": "Fallout: New Vegas", "genres": ["Action", "Casual"], "has_community_visible_stats": true, "id": "22380", "pagerank_filtered_centrality": 0.0009651741471706174, "degree": 1909, "played_total_mins": 3945030, "img_icon_url": "1711fd8c46d739feec76bd4a64eaeeca5b87e3a7", "pagerank_centrality": 0.0009401464752519943, "img_logo_url": "1a52975c043227184162627285e4bc0c83216e02"}, {"type": "game", "name": "Middle-earth\u2122: Shadow of Mordor\u2122", "genres": ["Action", "Casual"], "has_community_visible_stats": true, "id": "241930", "pagerank_filtered_centrality": 0.0004027775125063016, "degree": 1800, "played_total_mins": 1496117, "img_icon_url": "161afab3c9f725f593635723cc64a7fbeb324ead", "pagerank_centrality": 0.0003911522387733187, "img_logo_url": "00631b918ee8799ff48b3d91d9eb0d3278aafa83"}, {"type": "game", "name": "Dishonored", "genres": ["Action", "Casual"], "has_community_visible_stats": true, "id": "205100", "pagerank_filtered_centrality": 0.0003127399381778168, "degree": 1684, "played_total_mins": 1149480, "img_icon_url": "74f8ee1ba536e0759e64a9bf801fc013e16c8dd1", "pagerank_centrality": 0.0003041266724120045, "img_logo_url": "b94f5ff693304b7f70f88403d444686c4af3b940"}, {"type": "game", "name": "Call of Duty: Black Ops", "genres": ["Action", "Casual"], "has_community_visible_stats": true, "id": "42700", "pagerank_filtered_centrality": 0.0002863071365537626, "degree": 1470, "played_total_mins": 1217825, "img_icon_url": "ea744d59efded3feaeebcafed224be9eadde90ac", "pagerank_centrality": 0.000276225372260171, "img_logo_url": "2b07ffc9e420c232858a60a20cdefeebaa9fd5c6"}, {"type": "game", "name": "Call of Duty: Black Ops II - Multiplayer", "genres": ["Action", "Casual"], "has_community_visible_stats": true, "id": "202990", "pagerank_filtered_centrality": 0.0009632099081774975, "degree": 835, "played_total_mins": 4224275, "img_icon_url": "1f3a69123b4c7e47904dcd0c55e48c5522e30284", "pagerank_centrality": 0.0009353784325950472, "img_logo_url": "dde01e9adf37db62f3d54077f5781cb9f7adacfb"}, {"type": "game", "name": "Football Manager 2013", "genres": ["Action", "Casual"], "has_community_visible_stats": true, "id": "207890", "pagerank_filtered_centrality": 0.0006949076180657536, "degree": 277, "played_total_mins": 3623615, "img_icon_url": "92ef22e19c0d0338698cd50f606e4eee830a8fb4", "pagerank_centrality": 0.000662735226314277, "img_logo_url": "852a26a40d86517d3effa2c739dd51332f0b43bf"}, {"type": "game", "name": "Insurgency", "genres": ["Action", "Casual"], "has_community_visible_stats": true, "id": "222880", "pagerank_filtered_centrality": 0.0003934004751187453, "degree": 1884, "played_total_mins": 1675065, "img_icon_url": "b072fc4239951c1952f4877edde340419438b528", "pagerank_centrality": 0.0003819346477673369, "img_logo_url": "b620a8286682299e2a1ff272b04fb09d1b4edd38"}, {"type": "game", "name": "Stardew Valley", "genres": ["Action", "Casual"], "has_community_visible_stats": true, "id": "413150", "pagerank_filtered_centrality": 0.0004577085068381999, "degree": 1013, "played_total_mins": 1789685, "img_icon_url": "35d1377200084a4034238c05b0c8930451e2fb40", "pagerank_centrality": 0.00045041868897636653, "img_logo_url": "694de1f9cf09aba9d6d118bcff07714343529a0a"}, {"type": "game", "name": "Company of Heroes ", "genres": ["Action", "Casual"], "has_community_visible_stats": true, "id": "228200", "pagerank_filtered_centrality": 0.00023435640927042188, "degree": 2564, "played_total_mins": 897160, "img_icon_url": "df92dc239acb3cf5d3e3eba645f3df2aaf7f91ad", "pagerank_centrality": 0.00022722574271598052, "img_logo_url": "87aa009e93d5aa56a55d0e9056708d018ddd6483"}, {"type": "game", "name": "Torchlight", "genres": ["Action", "Casual"], "has_community_visible_stats": true, "id": "41500", "pagerank_filtered_centrality": 0.000297319970289566, "degree": 1546, "played_total_mins": 1058885, "img_icon_url": "b2a2a43e401dce3c69898b67b1b8af4481d96b08", "pagerank_centrality": 0.0002881524086861183, "img_logo_url": "e36226c6a0575e6e1838e1f915e91f8b31ab3008"}, {"type": "game", "name": "Sleeping Dogs\u2122", "genres": ["Action", "Casual"], "has_community_visible_stats": true, "id": "202170", "pagerank_filtered_centrality": 0.00022240599657095958, "degree": 1115, "played_total_mins": 792667, "img_icon_url": "3d70bfb50bc3a162685e6775c4da2d336d1ba1ea", "pagerank_centrality": 0.0002180658346872233, "img_logo_url": "5be5f629e44cc13b7a845deacf81c93f92678e55"}, {"type": "game", "name": "APB Reloaded", "genres": ["Action", "Casual"], "has_community_visible_stats": true, "id": "113400", "pagerank_filtered_centrality": 0.00044128308807582826, "degree": 558, "played_total_mins": 2264532, "img_icon_url": "3b3c7a71ffa158894640bef2795a82c6f52b136b", "pagerank_centrality": 0.0004242789401390875, "img_logo_url": "0b7c23dc23ebf4059e1d862942d2784ba9f42dca"}, {"type": "game", "name": "Ultra Street Fighter IV", "genres": ["Action", "Casual"], "has_community_visible_stats": true, "id": "45760", "pagerank_filtered_centrality": 0.00048286255663367977, "degree": 758, "played_total_mins": 2196179, "img_icon_url": "473fcea2eb516528608dff7f9e3e61009d76a282", "pagerank_centrality": 0.00046539981017899124, "img_logo_url": "bdd481249e579f852056b51db32a6279444d4f47"}, {"type": "game", "name": "Insurgency: Modern Infantry Combat", "genres": ["Action", "Casual"], "has_community_visible_stats": true, "id": "17700", "pagerank_filtered_centrality": 0.00026986147683275116, "degree": 724, "played_total_mins": 763250, "img_icon_url": "b37d85bd4af6343677871d1823abea09903eda87", "pagerank_centrality": 0.00025903412897338666, "img_logo_url": "5eca94e145762bcd49ea63446d1856495e5b0384"}, {"type": "game", "name": "Sid Meier's Civilization V", "genres": ["Action", "Casual"], "has_community_visible_stats": true, "id": "8930", "pagerank_filtered_centrality": 0.002971013334105038, "degree": 2711, "played_total_mins": 12817454, "img_icon_url": "fbe80c4743e226f0bf65559c91b12953d4446808", "pagerank_centrality": 0.00287504743948337, "img_logo_url": "2203f62bd1bdc75c286c13534e50f22e3bd5bb58"}, {"type": "game", "name": "Left 4 Dead", "genres": ["Action", "Casual"], "has_community_visible_stats": true, "id": "500", "pagerank_filtered_centrality": 0.0026381367234541804, "degree": 3554, "played_total_mins": 10739269, "img_icon_url": "428df26bc35b09319e31b1ffb712487b20b3245c", "pagerank_centrality": 0.002544191731284054, "img_logo_url": "0f67ee504d8f04ecd83986dd7855821dc21f7a78"}, {"type": "game", "name": "Crusader Kings II", "genres": ["Action", "Casual"], "has_community_visible_stats": true, "id": "203770", "pagerank_filtered_centrality": 0.0005591080216428261, "degree": 904, "played_total_mins": 2482827, "img_icon_url": "56e9c15cbeb6c1f873f7f1dc757bae7618861484", "pagerank_centrality": 0.000540349185567105, "img_logo_url": "a3170e4c1889a7e2a360feef61e07a5aee51dc88"}, {"type": "game", "name": "Tropico 4", "genres": ["Action", "Casual"], "has_community_visible_stats": true, "id": "57690", "pagerank_filtered_centrality": 0.00023803682401091382, "degree": 1584, "played_total_mins": 912265, "img_icon_url": "8e58ca48b978439ba4986938247fdb21a645a673", "pagerank_centrality": 0.00023137663633362134, "img_logo_url": "9123d91a47399baf116c2949dcebcd42b1962fbe"}, {"type": "game", "name": "Dungeon Defenders", "genres": ["Action", "Casual"], "has_community_visible_stats": true, "id": "65800", "pagerank_filtered_centrality": 0.0008274602664251258, "degree": 1608, "played_total_mins": 3389077, "img_icon_url": "8de7e7e9af523591c34b713b0b21910058ab4169", "pagerank_centrality": 0.0008028947581962223, "img_logo_url": "71af270cff61ab197f9932212012134a436d9682"}, {"type": "game", "name": "Borderlands: The Pre-Sequel", "genres": ["Action", "Casual"], "has_community_visible_stats": true, "id": "261640", "pagerank_filtered_centrality": 0.00031066167121916613, "degree": 1013, "played_total_mins": 1170835, "img_icon_url": "af5ef05eac8b1eb618e4f57354ac7b3e918ab1bd", "pagerank_centrality": 0.00030187660910066733, "img_logo_url": "df64c72fd335a03dbcc0a19b1f81acc8db1b94ba"}, {"type": "game", "name": "Football Manager 2012", "genres": ["Action", "Casual"], "has_community_visible_stats": true, "id": "71270", "pagerank_filtered_centrality": 0.0006129815858415487, "degree": 182, "played_total_mins": 3209642, "img_icon_url": "478a536fd840fa2a7f6d6374adf96bc12ff3c3c5", "pagerank_centrality": 0.0005818933980224274, "img_logo_url": "98fde1b8cafe0ffcf27dde395d6241061dd2976d"}, {"type": "game", "name": "War Thunder", "genres": ["Action", "Casual"], "has_community_visible_stats": true, "id": "236390", "pagerank_filtered_centrality": 0.001354772296437368, "degree": 1583, "played_total_mins": 6400617, "img_icon_url": "88259dcb7014dcdb109d9ece0cfc70c100bc2f9c", "pagerank_centrality": 0.0013103915783286254, "img_logo_url": "a358842e372c57f2bfc063d66a6a5ce4ce86cfa4"}, {"type": "game", "name": "Mass Effect 2", "genres": ["Action", "Casual"], "has_community_visible_stats": false, "id": "24980", "pagerank_filtered_centrality": 0.0004160417296454113, "degree": 1250, "played_total_mins": 1641477, "img_icon_url": "e6f3b9b0762fd4d42a732abfc41887f6c5903a52", "pagerank_centrality": 0.0004034645238931509, "img_logo_url": "d446fe6d77c9f434cd7fd871400b978fc01fb4e7"}, {"type": "game", "name": "Sid Meier's Civilization IV: Beyond the Sword", "genres": ["Action", "Casual"], "has_community_visible_stats": false, "id": "8800", "pagerank_filtered_centrality": 0.0002937428339975356, "degree": 1006, "played_total_mins": 1177486, "img_icon_url": "0494812c3b3091ea6fed7acf8e0a6fa73d48cdc1", "pagerank_centrality": 0.00028515413937443666, "img_logo_url": "2501d317192e43c944f36a06c8dd61c598adad76"}, {"type": "game", "name": "Mad Max", "genres": ["Action", "Casual"], "has_community_visible_stats": true, "id": "234140", "pagerank_filtered_centrality": 0.00025409049522654304, "degree": 820, "played_total_mins": 897058, "img_icon_url": "71a4dd52273b749f96913a48dd6f439fb5ddc23e", "pagerank_centrality": 0.00024759677198695027, "img_logo_url": "f114c3cf063da97aac613bf408b465e50f43a644"}, {"type": "game", "name": "Garry's Mod", "genres": ["Action", "Casual"], "has_community_visible_stats": true, "id": "4000", "pagerank_filtered_centrality": 0.002179348176517991, "degree": 2520, "played_total_mins": 10493197, "img_icon_url": "4a6f25cfa2426445d0d9d6e233408de4d371ce8b", "pagerank_centrality": 0.0021189076038169692, "img_logo_url": "93c9364c3942223ab66195182fe1982af8a16584"}, {"type": "game", "name": "Source SDK", "genres": ["Action", "Casual"], "has_community_visible_stats": true, "id": "211", "pagerank_filtered_centrality": 0.000378691096501608, "degree": 563, "played_total_mins": 1555946, "img_icon_url": "50dd8fa4ea86581b1986e8b1d0560d58f41912ac", "pagerank_centrality": 0.0003694195466052463, "img_logo_url": "265be1d1db7ecf801a1ac8fde07692a567c14bb0"}, {"type": "game", "name": "Elite Dangerous", "genres": ["Action", "Casual"], "has_community_visible_stats": true, "id": "359320", "pagerank_filtered_centrality": 0.0006999446702125036, "degree": 775, "played_total_mins": 2895658, "img_icon_url": "c893e2752550a70950d90c5b881c7d6aac312356", "pagerank_centrality": 0.0006788499778820024, "img_logo_url": "8cec856f5350e59f874bc1171fc864175fe095eb"}, {"type": "game", "name": "Dying Light", "genres": ["Action", "Casual"], "has_community_visible_stats": true, "id": "239140", "pagerank_filtered_centrality": 0.0004583749008147547, "degree": 1000, "played_total_mins": 1831221, "img_icon_url": "d6eafb4fab916ac475bf67054332dd1c0659f8d6", "pagerank_centrality": 0.00044502424638839414, "img_logo_url": "a2656cade3af57d07d0a9622d3b52745b26b2225"}, {"type": "game", "name": "EVE Online", "genres": ["Action", "Casual"], "has_community_visible_stats": true, "id": "8500", "pagerank_filtered_centrality": 0.0008187346989785437, "degree": 436, "played_total_mins": 3842795, "img_icon_url": "884d8c6482487e74b18ceef872ee9543a1c5828d", "pagerank_centrality": 0.0007913091423182059, "img_logo_url": "e880260b091ec3bfdb96deebaa3b6c0a9dd29c01"}, {"type": "game", "name": "Neverwinter", "genres": ["Action", "Casual"], "has_community_visible_stats": true, "id": "109600", "pagerank_filtered_centrality": 0.00027048296265981515, "degree": 709, "played_total_mins": 1161723, "img_icon_url": "b65eee286148b9ab29c27847ff47cbcd158788b6", "pagerank_centrality": 0.000262886889120158, "img_logo_url": "1ebf1c62f2b2208d12079915b7229d43dd003349"}, {"type": "game", "name": "Europa Universalis IV", "genres": ["Action", "Casual"], "has_community_visible_stats": true, "id": "236850", "pagerank_filtered_centrality": 0.0008115942012589405, "degree": 419, "played_total_mins": 3885637, "img_icon_url": "7775d52b50f38367aeaeedad5d6d235da34a3c1f", "pagerank_centrality": 0.0007827236767938391, "img_logo_url": "e22189eca861189b28805e016fbec2ae4ef751fd"}, {"type": "game", "name": "Pillars of Eternity", "genres": ["Action", "Casual"], "has_community_visible_stats": true, "id": "291650", "pagerank_filtered_centrality": 0.00035522675141087253, "degree": 984, "played_total_mins": 1283171, "img_icon_url": "95f72e4cf0fe3e882ca2bd0fef7e804709650943", "pagerank_centrality": 0.0003442026814191798, "img_logo_url": "e9b3535258d3bcb9c34f1779109de3607a661bc0"}, {"type": "game", "name": "Company of Heroes 2", "genres": ["Action", "Casual"], "has_community_visible_stats": true, "id": "231430", "pagerank_filtered_centrality": 0.0007829015088119935, "degree": 1795, "played_total_mins": 3368651, "img_icon_url": "5e7e1866fb4f33a17393b0441cd1c750dbd91c5f", "pagerank_centrality": 0.0007587264457314215, "img_logo_url": "1be017e709b9b0638e82b399cc97de4667f44a1e"}, {"type": "game", "name": "Team Fortress 2", "genres": ["Action", "Casual"], "has_community_visible_stats": true, "id": "440", "pagerank_filtered_centrality": 0.020055998226990137, "degree": 6247, "played_total_mins": 79538658, "img_icon_url": "e3f595a92552da3d664ad00277fad2107345f743", "pagerank_centrality": 0.019490495629010087, "img_logo_url": "07385eb55b5ba974aebbe74d3c99626bda7920b8"}, {"type": "game", "name": "Arma 3", "genres": ["Action", "Casual"], "has_community_visible_stats": true, "id": "107410", "pagerank_filtered_centrality": 0.0029416700800018354, "degree": 1368, "played_total_mins": 14585754, "img_icon_url": "3212af52faf994c558bd622cb0f360c1ef295a6b", "pagerank_centrality": 0.0028397160302824744, "img_logo_url": "b49962441a01f1f80b180af1293608dddf7df6b0"}, {"type": "game", "name": "Borderlands 2", "genres": ["Action", "Casual"], "has_community_visible_stats": true, "id": "49520", "pagerank_filtered_centrality": 0.0023915791892543162, "degree": 2977, "played_total_mins": 9726990, "img_icon_url": "a3f4945226e69b6196074df4c776e342d3e5a3be", "pagerank_centrality": 0.0023206852689927463, "img_logo_url": "86b0fa5ddb41b4dfff7df194a017f3418130d668"}, {"type": "game", "name": "Global Agenda", "genres": ["Action", "Casual"], "has_community_visible_stats": false, "id": "17020", "pagerank_filtered_centrality": 0.00023028745876208203, "degree": 302, "played_total_mins": 1001255, "img_icon_url": "817f2b15026b4df5dcdf422ce7b95b69cd12b23c", "pagerank_centrality": 0.00022366813184705248, "img_logo_url": "0aeb0e9e5923ec7ba476c296ad96548ec9332875"}, {"type": "game", "name": "Fallout 4", "genres": ["Action", "Casual"], "has_community_visible_stats": true, "id": "377160", "pagerank_filtered_centrality": 0.0017818434310547786, "degree": 1504, "played_total_mins": 7377428, "img_icon_url": "779c4356ebe32af2af7c9f0bbba595dfe872cd7f", "pagerank_centrality": 0.001736467437116536, "img_logo_url": "8977a8e98acbbdd3c0ff905afb7e0a6e2eb555ea"}, {"type": "game", "name": "Call of Duty: Modern Warfare 2", "genres": ["Action", "Casual"], "has_community_visible_stats": true, "id": "10180", "pagerank_filtered_centrality": 0.0003935187186123502, "degree": 2073, "played_total_mins": 1520842, "img_icon_url": "ad502494f1658220f9166c7e17ac90422bf6a479", "pagerank_centrality": 0.00037937157619452155, "img_logo_url": "82de30354cb5ee352609c47ea47b86797008e436"}, {"type": "game", "name": "Sid Meier's Civilization VI", "genres": ["Action", "Casual"], "has_community_visible_stats": true, "id": "289070", "pagerank_filtered_centrality": 0.0005679548531518056, "degree": 938, "played_total_mins": 2410044, "img_icon_url": "9dc914132fec244adcede62fb8e7524a72a7398c", "pagerank_centrality": 0.0005497974804421866, "img_logo_url": "356443a094f8e20ce21293039d7226eac3d3b4d9"}, {"type": "game", "name": "Football Manager 2011", "genres": ["Action", "Casual"], "has_community_visible_stats": true, "id": "34220", "pagerank_filtered_centrality": 0.0003158963161137058, "degree": 126, "played_total_mins": 1604130, "img_icon_url": "96df917af11810c778b168215afa4f8e1ea0d694", "pagerank_centrality": 0.00030018986752218703, "img_logo_url": "591d135f93505b0d97793e51e02b125188f1aadb"}, {"type": "game", "name": "League of Legends", "genres": ["Action", "Casual"], "has_community_visible_stats": false, "id": "20590", "pagerank_filtered_centrality": 0.00023984067149658873, "degree": 53, "played_total_mins": 1150641, "img_icon_url": "e449d66244514c3607ac485936fd59aa4c194c03", "pagerank_centrality": 0.00023345287943136238, "img_logo_url": "06bf249e802c12879dfc20ddd785fc906df39623"}, {"type": "game", "name": "Life is Feudal: Your Own", "genres": ["Action", "Casual"], "has_community_visible_stats": true, "id": "290080", "pagerank_filtered_centrality": 0.00021566208173717284, "degree": 263, "played_total_mins": 948674, "img_icon_url": "e78ba7a1d2c9397853fdfeacf4aa1a781e58824e", "pagerank_centrality": 0.00020757238263741153, "img_logo_url": "5802deabff5e68a21d9aaccfd7ceca6ebadb1568"}, {"type": "game", "name": "Portal", "genres": ["Action", "Casual"], "has_community_visible_stats": true, "id": "400", "pagerank_filtered_centrality": 0.0003590368753386256, "degree": 4997, "played_total_mins": 1099510, "img_icon_url": "cfa928ab4119dd137e50d728e8fe703e4e970aff", "pagerank_centrality": 0.0003501004427881069, "img_logo_url": "4184d4c0d915bd3a45210667f7b25361352acd8f"}, {"type": "game", "name": "Warframe", "genres": ["Action", "Casual"], "has_community_visible_stats": true, "id": "230410", "pagerank_filtered_centrality": 0.002285718535642597, "degree": 2124, "played_total_mins": 10476533, "img_icon_url": "bcf887d7b0707e5418e1680de92e85ca899516ac", "pagerank_centrality": 0.0022160003644573064, "img_logo_url": "3785f3576cdef5cf20a8b815bdf867154ccbe7d5"}, {"type": "game", "name": "Counter-Strike: Global Offensive", "genres": ["Action", "Casual"], "has_community_visible_stats": true, "id": "730", "pagerank_filtered_centrality": 0.06224750981807717, "degree": 7992, "played_total_mins": 308017214, "img_icon_url": "69f7ebe2735c366c65c0b33dae00e12dc40edbe4", "pagerank_centrality": 0.05960866704187614, "img_logo_url": "d0595ff02f5c79fd19b06f4d6165c3fda2372820"}, {"type": "game", "name": "Unturned", "genres": ["Action", "Casual"], "has_community_visible_stats": true, "id": "304930", "pagerank_filtered_centrality": 0.00022787052647254874, "degree": 1614, "played_total_mins": 918088, "img_icon_url": "e18009fb628b35953826efe47dc3be556b689f4c", "pagerank_centrality": 0.00021976673430810603, "img_logo_url": "32b7ea686e0fb11e24008e4dab179a40a6b2eb09"}, {"type": "game", "name": "Tom Clancy's The Division", "genres": ["Action", "Casual"], "has_community_visible_stats": true, "id": "365590", "pagerank_filtered_centrality": 0.0006688328495077534, "degree": 555, "played_total_mins": 3163506, "img_icon_url": "93be9eec9ea09ee3cbc0f04de58f1c87a24b18f5", "pagerank_centrality": 0.0006456639641828073, "img_logo_url": "1fcb383a3dc433690068a7d49373f81a4bbe5ade"}, {"type": "game", "name": "AdVenture Capitalist", "genres": ["Action", "Casual"], "has_community_visible_stats": true, "id": "346900", "pagerank_filtered_centrality": 0.0008383864035840746, "degree": 572, "played_total_mins": 3521083, "img_icon_url": "b4dd5ca1582ed52335b31960e05766fd22fa7cc4", "pagerank_centrality": 0.0008187750818842202, "img_logo_url": "ba7cd9eb5fe1905f7b5d25835d063437dec7f675"}, {"type": "game", "name": "Alien Swarm", "genres": ["Action", "Casual"], "has_community_visible_stats": true, "id": "630", "pagerank_filtered_centrality": 0.0003796583510421663, "degree": 3515, "played_total_mins": 1308589, "img_icon_url": "67126b5081b423af53f5e88e8e81d91b15daa644", "pagerank_centrality": 0.00036593105028518943, "img_logo_url": "de3320a2c29b55b6f21d142dee26d9b044a29e97"}, {"type": "game", "name": "Warhammer 40,000: Dawn of War II", "genres": ["Action", "Casual"], "has_community_visible_stats": true, "id": "15620", "pagerank_filtered_centrality": 0.0005690494696811313, "degree": 1442, "played_total_mins": 2325322, "img_icon_url": "63d290e28741128c7f979d329401a6c83676ec66", "pagerank_centrality": 0.0005494809565211757, "img_logo_url": "0a042d72a270d1a67fb42b9fc452316c01741911"}, {"type": "game", "name": "Deus Ex: Human Revolution", "genres": ["Action", "Casual"], "has_community_visible_stats": true, "id": "28050", "pagerank_filtered_centrality": 0.0004888607110583067, "degree": 1796, "played_total_mins": 1853318, "img_icon_url": "6c7ccd62c124ae63820e06ed9b24d4559c5b0b1f", "pagerank_centrality": 0.00047638199548325334, "img_logo_url": "93705ac83aa363ce6ead3f6aad7fa4292d3cd80f"}, {"type": "game", "name": "Stellaris", "genres": ["Action", "Casual"], "has_community_visible_stats": true, "id": "281990", "pagerank_filtered_centrality": 0.000610488487736744, "degree": 736, "played_total_mins": 2767796, "img_icon_url": "3e4dfdf4b304b1f4552c279ea716238876ac02c8", "pagerank_centrality": 0.0005923777454879307, "img_logo_url": "63233adde1e8e89b9b2bbbb9bdf8787c1e8b4e56"}, {"type": "game", "name": "ARK: Survival Evolved", "genres": ["Action", "Casual"], "has_community_visible_stats": true, "id": "346110", "pagerank_filtered_centrality": 0.002770285434867613, "degree": 1472, "played_total_mins": 13319318, "img_icon_url": "fef1799533131c10f538d2dd697bbbd89e663265", "pagerank_centrality": 0.0026713559320830174, "img_logo_url": "58a660ddb7ed1864656ec65e4c18d6edd3bbf512"}, {"type": "game", "name": "ArcheAge", "genres": ["Action", "Casual"], "has_community_visible_stats": true, "id": "304030", "pagerank_filtered_centrality": 0.00039060307104360183, "degree": 359, "played_total_mins": 1808741, "img_icon_url": "524b78b18fa651770d21b00a94102f582a3c44a6", "pagerank_centrality": 0.00037840259942554724, "img_logo_url": "9677e8d7ad00f99267873e84bd6389f0182ee88d"}, {"type": "game", "name": "Starbound", "genres": ["Action", "Casual"], "has_community_visible_stats": true, "id": "211820", "pagerank_filtered_centrality": 0.0007170409399593508, "degree": 1099, "played_total_mins": 2885108, "img_icon_url": "4dbf4041c33eb2edfc41f552320a2e584519134c", "pagerank_centrality": 0.0006969655638066422, "img_logo_url": "38652d0a34354f77e37073aeb5e8e9619d2c5308"}, {"type": "game", "name": "7 Days to Die", "genres": ["Action", "Casual"], "has_community_visible_stats": true, "id": "251570", "pagerank_filtered_centrality": 0.0008316549605414645, "degree": 816, "played_total_mins": 3822990, "img_icon_url": "f6515dd177b2992aebcb563151fbe836a600f364", "pagerank_centrality": 0.000804753285643912, "img_logo_url": "31488b068ae8975a942c8c5170b3266c1bf9a526"}, {"type": "game", "name": "Mount & Blade: Warband", "genres": ["Action", "Casual"], "has_community_visible_stats": true, "id": "48700", "pagerank_filtered_centrality": 0.0011210293643695228, "degree": 904, "played_total_mins": 5227641, "img_icon_url": "0773e90a6991a5427df4ee516687d832d92b050e", "pagerank_centrality": 0.001084823688462852, "img_logo_url": "09b24ebdad4b8c24851ad1714e49e47a40ed25d2"}, {"type": "game", "name": "XCOM 2", "genres": ["Action", "Casual"], "has_community_visible_stats": true, "id": "268500", "pagerank_filtered_centrality": 0.0007112479626505626, "degree": 987, "played_total_mins": 2823566, "img_icon_url": "f275aeb0b1b947262810569356a199848c643754", "pagerank_centrality": 0.0006903273707068799, "img_logo_url": "10a6157d6614f63cd8a95d002d022778c207c218"}, {"type": "game", "name": "RIFT", "genres": ["Action", "Casual"], "has_community_visible_stats": true, "id": "39120", "pagerank_filtered_centrality": 0.0006048580494010702, "degree": 632, "played_total_mins": 2808634, "img_icon_url": "fcbeb7184880a9c333c00f11a000888575c3600e", "pagerank_centrality": 0.000586121789436716, "img_logo_url": "3f922b0fac77fda104b2cc22692cb11c71aa549f"}, {"type": "game", "name": "Mass Effect", "genres": ["Action", "Casual"], "has_community_visible_stats": false, "id": "17460", "pagerank_filtered_centrality": 0.00033374284110748313, "degree": 1150, "played_total_mins": 1260817, "img_icon_url": "57be81f70afa48c65437df93d75ba167a29687bc", "pagerank_centrality": 0.00032323576856488985, "img_logo_url": "7501ea5009533fa5c017ec1f4b94725d67ad4936"}, {"type": "game", "name": "Magicka", "genres": ["Action", "Casual"], "has_community_visible_stats": true, "id": "42910", "pagerank_filtered_centrality": 0.0003639614801705843, "degree": 2563, "played_total_mins": 1364871, "img_icon_url": "0eb97d0cd644ee08b1339d2160c7a6adf2ea0a65", "pagerank_centrality": 0.0003524360142138857, "img_logo_url": "8c59c674ef40f59c3bafde8ff0d59b7994c66477"}, {"type": "game", "name": "Call of Duty: Black Ops - Multiplayer", "genres": ["Action", "Casual"], "has_community_visible_stats": true, "id": "42710", "pagerank_filtered_centrality": 0.0014047475012595283, "degree": 1470, "played_total_mins": 6282995, "img_icon_url": "d595fb4b01201cade09e1232f2c41c0866840628", "pagerank_centrality": 0.0013561983497850537, "img_logo_url": "2b07ffc9e420c232858a60a20cdefeebaa9fd5c6"}, {"type": "game", "name": "Clicker Heroes", "genres": ["Action", "Casual"], "has_community_visible_stats": true, "id": "363970", "pagerank_filtered_centrality": 0.0026296077525276075, "degree": 829, "played_total_mins": 12711374, "img_icon_url": "155ed2de95eacc3353b91c2a057bdbf727c11c20", "pagerank_centrality": 0.002564837684623143, "img_logo_url": "2c4d7dad61946f8a81548a21955ccdcf9199364b"}, {"type": "game", "name": "Midas Gold Plus", "genres": ["Action", "Casual"], "has_community_visible_stats": true, "id": "557400", "pagerank_filtered_centrality": 0.00020943276563975267, "degree": 46, "played_total_mins": 676412, "img_icon_url": "449b48586ff23945a872ec8c2559560fba2881dc", "pagerank_centrality": 0.00020785497829305588, "img_logo_url": "9380d2aa93762921f11061bb64b5f598efa9ab02"}, {"type": "game", "name": "PLAYERUNKNOWN'S BATTLEGROUNDS", "genres": ["Action", "Casual"], "has_community_visible_stats": true, "id": "578080", "pagerank_filtered_centrality": 0.01040755034167043, "degree": 3892, "played_total_mins": 50218379, "img_icon_url": "93d896e7d7a42ae35c1d77239430e1d90bc82cae", "pagerank_centrality": 0.00998849558152487, "img_logo_url": "2d2732a33511b58c69aff6b098a22687a3bb8533"}, {"type": "game", "name": "PAYDAY 2", "genres": ["Action", "Casual"], "has_community_visible_stats": true, "id": "218620", "pagerank_filtered_centrality": 0.0019817722596088376, "degree": 3893, "played_total_mins": 8234529, "img_icon_url": "a6abc0d0c1e79c0b5b0f5c8ab81ce9076a542414", "pagerank_centrality": 0.0019218395106282182, "img_logo_url": "4467a70648f49a6b309b41b81b4531f9a20ed99d"}, {"type": "game", "name": "Call of Duty: WWII - Multiplayer", "genres": ["Action", "Casual"], "has_community_visible_stats": true, "id": "476620", "pagerank_filtered_centrality": 0.00022623866210866173, "degree": 347, "played_total_mins": 924113, "img_icon_url": "61353c6b23a7c04b11c875044a243210563e74ba", "pagerank_centrality": 0.00021792285949611084, "img_logo_url": "d0768126c6ce669bb729af4468d3c5ad1b66b252"}, {"type": "game", "name": "Dead by Daylight", "genres": ["Action", "Casual"], "has_community_visible_stats": true, "id": "381210", "pagerank_filtered_centrality": 0.000506582398854653, "degree": 618, "played_total_mins": 2301146, "img_icon_url": "3d52bda003b28428330a6a08f4b3e1f12a7d4955", "pagerank_centrality": 0.0004906066544412517, "img_logo_url": "78a3f76693dbcd5dd80b5fcf531e8b81b3dd3163"}, {"type": "game", "name": "Half-Life: Opposing Force", "genres": ["Action", "Casual"], "has_community_visible_stats": false, "id": "50", "pagerank_filtered_centrality": 0.00023351799417980414, "degree": 10347, "played_total_mins": 979741, "img_icon_url": "04e81206c10e12416908c72c5f22aad411b3aeef", "pagerank_centrality": 0.0002294308561660249, "img_logo_url": "bb696ddfd8f8ef0892d5f2154d8617528d3cc2ec"}, {"type": "game", "name": "DayZ", "genres": ["Action", "Casual"], "has_community_visible_stats": true, "id": "221100", "pagerank_filtered_centrality": 0.0012483182453513898, "degree": 1370, "played_total_mins": 6148445, "img_icon_url": "16a985dfee9b093d76a0ffc4cf4c77ba20c2eb0d", "pagerank_centrality": 0.001199519387807223, "img_logo_url": "3520d3db4e282585b24fe28178ca86f54874e3b5"}, {"type": "game", "name": "Call of Duty: Modern Warfare 3 - Multiplayer", "genres": ["Action", "Casual"], "has_community_visible_stats": false, "id": "42690", "pagerank_filtered_centrality": 0.0012377935089931912, "degree": 1230, "played_total_mins": 5630112, "img_icon_url": "c3330a875925437d8216949b6571f6e941ba0679", "pagerank_centrality": 0.001193559365458434, "img_logo_url": "52841f445d2a1a1df608c6625c541674a30c5985"}, {"type": "game", "name": "Total War: SHOGUN 2", "genres": ["Action", "Casual"], "has_community_visible_stats": true, "id": "34330", "pagerank_filtered_centrality": 0.0006001248673170347, "degree": 1099, "played_total_mins": 2692618, "img_icon_url": "2fa97296a62daf0329b3867ad6837a2289229fbb", "pagerank_centrality": 0.0005793149998536919, "img_logo_url": "c6f6e87e742a2e40689486423e8320bd318e3ec7"}, {"type": "game", "name": "The Binding of Isaac: Rebirth", "genres": ["Action", "Casual"], "has_community_visible_stats": true, "id": "250900", "pagerank_filtered_centrality": 0.0010443688630972794, "degree": 590, "played_total_mins": 4046644, "img_icon_url": "16d46c8630499bfc54d20745ac90786a302cd643", "pagerank_centrality": 0.0010155265609697373, "img_logo_url": "c7a76988c53e7f3a3aa1cf224aaf4dbd067ebbf9"}, {"type": "game", "name": "Dirty Bomb", "genres": ["Action", "Casual"], "has_community_visible_stats": true, "id": "333930", "pagerank_filtered_centrality": 0.0003687310122615506, "degree": 1401, "played_total_mins": 1669121, "img_icon_url": "48a3c464019fc161c2ea17334ca8d545a846a98e", "pagerank_centrality": 0.0003557981210266657, "img_logo_url": "b0a7716d2f51f08e4dd173fa8dc38eebe4e357d5"}, {"type": "game", "name": "BioShock Infinite", "genres": ["Action", "Casual"], "has_community_visible_stats": true, "id": "8870", "pagerank_filtered_centrality": 0.00040254615627812265, "degree": 2230, "played_total_mins": 1437755, "img_icon_url": "4ebaf5f9ee74f50152f7ff361debef7553fa0e4e", "pagerank_centrality": 0.0003916783696146205, "img_logo_url": "870bb889e192cf8d31876ed04d329a5d51c6fc2c"}, {"type": "game", "name": "Grim Dawn", "genres": ["Action", "Casual"], "has_community_visible_stats": true, "id": "219990", "pagerank_filtered_centrality": 0.000451302539201932, "degree": 749, "played_total_mins": 1825605, "img_icon_url": "762057f2b14463ae1cbf0701a4cdb25cf94e8a0c", "pagerank_centrality": 0.00043654703191122753, "img_logo_url": "8021ad6119b367593f1b1536aafd11397fb24ae9"}, {"type": "game", "name": "Evolve Stage 2", "genres": ["Action", "Casual"], "has_community_visible_stats": false, "id": "273350", "pagerank_filtered_centrality": 0.0002311256716109039, "degree": 1343, "played_total_mins": 943808, "img_icon_url": "6b9e205c389185a4b0e079a13090c751e47375d2", "pagerank_centrality": 0.00022418519921527287, "img_logo_url": "df025d71b278e46eb9322230bbd19c0cb8004b0d"}, {"type": "game", "name": "Football Manager 2016", "genres": ["Action", "Casual"], "has_community_visible_stats": true, "id": "378120", "pagerank_filtered_centrality": 0.0005133516440509833, "degree": 177, "played_total_mins": 2652499, "img_icon_url": "f84b2617a619b1e3d0efa49ab4de0bcb54ac7f73", "pagerank_centrality": 0.0004893294724392131, "img_logo_url": "f735b9ac0d442e4168567e7751d48a77b49b099d"}, {"type": "game", "name": "Battlerite", "genres": ["Action", "Casual"], "has_community_visible_stats": true, "id": "504370", "pagerank_filtered_centrality": 0.00030062706579787234, "degree": 1114, "played_total_mins": 1286064, "img_icon_url": "943ec9894774f40c9863d0305c456a3c3b2f7c13", "pagerank_centrality": 0.00028853828116147244, "img_logo_url": "b26284c0978ab2b6b6334cdf06a7b51602ba009c"}, {"type": "game", "name": "Day of Defeat", "genres": ["Action", "Casual"], "has_community_visible_stats": true, "id": "30", "pagerank_filtered_centrality": 0.0023672741577414665, "degree": 10483, "played_total_mins": 7951160, "img_icon_url": "aadc0ce51ff6ba2042d633f8ec033b0de62091d0", "pagerank_centrality": 0.0022746878636537163, "img_logo_url": "beff21c4d29d2579e794c930bae599cd0c8a8f17"}, {"type": "game", "name": "DOOM", "genres": ["Action", "Casual"], "has_community_visible_stats": true, "id": "379720", "pagerank_filtered_centrality": 0.000417015289292194, "degree": 1616, "played_total_mins": 1479198, "img_icon_url": "b6e72ff47d1990cb644700751eeeff14e0aba6dc", "pagerank_centrality": 0.0004036160453375563, "img_logo_url": "2e6aa9a14a0da798fe9f1c0a4d0bacecf241c0a2"}, {"type": "game", "name": "Robocraft", "genres": ["Action", "Casual"], "has_community_visible_stats": true, "id": "301520", "pagerank_filtered_centrality": 0.0002913053648602279, "degree": 1110, "played_total_mins": 1207429, "img_icon_url": "939ba382462f3816cf25bae02e3b5363904297d3", "pagerank_centrality": 0.00028199668426671633, "img_logo_url": "5b82ed7ef666441b56f53cab8e93b2d5c7d44d4c"}, {"type": "game", "name": "Orcs Must Die! 2", "genres": ["Action", "Casual"], "has_community_visible_stats": true, "id": "201790", "pagerank_filtered_centrality": 0.00023062014588108609, "degree": 1616, "played_total_mins": 830312, "img_icon_url": "fabd8658e8e76f7c99c56f26b69d29882756f9b4", "pagerank_centrality": 0.00022425105220480476, "img_logo_url": "c345d9b205f349f0e7f4e6cdf8af4d0b7d242505"}, {"type": "game", "name": "Rising Storm/Red Orchestra 2 Multiplayer", "genres": ["Action", "Casual"], "has_community_visible_stats": true, "id": "35450", "pagerank_filtered_centrality": 0.00044118759214672657, "degree": 2144, "played_total_mins": 1918663, "img_icon_url": "d70423dddb3bb2a144e38ab9cc811e6fda1eb622", "pagerank_centrality": 0.0004272865384771593, "img_logo_url": "02d367780a6dcdba708bb8b94fbc42f23ba99a5b"}, {"type": "game", "name": "PlanetSide 2", "genres": ["Action", "Casual"], "has_community_visible_stats": true, "id": "218230", "pagerank_filtered_centrality": 0.0010011521761362923, "degree": 1438, "played_total_mins": 4559629, "img_icon_url": "f09d788b57eccd48ad9a6d1ec0dbf0707db39612", "pagerank_centrality": 0.0009714219437733981, "img_logo_url": "8bb9796bf871a1d620b28db4dfb2abef2138542d"}, {"type": "game", "name": "Spiral Knights", "genres": ["Action", "Casual"], "has_community_visible_stats": true, "id": "99900", "pagerank_filtered_centrality": 0.00033633772236197826, "degree": 375, "played_total_mins": 1179417, "img_icon_url": "d4b1a783f64871474bacfec6b33307e56fa665f7", "pagerank_centrality": 0.00033000956133507166, "img_logo_url": "eef62584a3d0c3338f569b14a7e667758ad2b098"}, {"type": "game", "name": "Company of Heroes: Tales of Valor", "genres": ["Action", "Casual"], "has_community_visible_stats": false, "id": "20540", "pagerank_filtered_centrality": 0.00036463317885877426, "degree": 1909, "played_total_mins": 1609240, "img_icon_url": "64946619217da497c9b29bc817bb40dd7d28c912", "pagerank_centrality": 0.0003516827628801893, "img_logo_url": "ed0c55412acea558d025a3e238e2b7341edc5c41"}, {"type": "game", "name": "Assetto Corsa", "genres": ["Action", "Casual"], "has_community_visible_stats": true, "id": "244210", "pagerank_filtered_centrality": 0.0005786823103970698, "degree": 437, "played_total_mins": 2415380, "img_icon_url": "c35922c480816b55f18b2843c6d838ccbc8ff825", "pagerank_centrality": 0.0005555639259436923, "img_logo_url": "b8852bb29c32345917e61c05f159a4196d205da2"}, {"type": "game", "name": "Batman\u2122: Arkham Knight", "genres": ["Action", "Casual"], "has_community_visible_stats": true, "id": "208650", "pagerank_filtered_centrality": 0.0002481338622671967, "degree": 776, "played_total_mins": 868908, "img_icon_url": "f6c2ce13796844750dfbd01685fb009eeac4bf70", "pagerank_centrality": 0.00024178309734638283, "img_logo_url": "8968f6628f8207ee0ea7222d10a2ecd09d582a62"}, {"type": "game", "name": "The Elder Scrolls V: Skyrim Special Edition", "genres": ["Action", "Casual"], "has_community_visible_stats": true, "id": "489830", "pagerank_filtered_centrality": 0.00023541947760277976, "degree": 1547, "played_total_mins": 958576, "img_icon_url": "0dfe3eed5658f9fbd8b62f8021038c0a4190f21d", "pagerank_centrality": 0.0002277195835251075, "img_logo_url": "356b389ad5e6937f097b21b23acbb89608878ecf"}, {"type": "game", "name": "Plants vs. Zombies: Game of the Year", "genres": ["Action", "Casual"], "has_community_visible_stats": true, "id": "3590", "pagerank_filtered_centrality": 0.00038396237037820717, "degree": 968, "played_total_mins": 1325106, "img_icon_url": "d2a9c24de11210560f579e7fd9303960c5060155", "pagerank_centrality": 0.0003725665114721589, "img_logo_url": "85bfe66e921d89b034a3a253fb648f1a930e034a"}, {"type": "game", "name": "Age of Empires II: HD Edition", "genres": ["Action", "Casual"], "has_community_visible_stats": true, "id": "221380", "pagerank_filtered_centrality": 0.0009965288923929826, "degree": 1924, "played_total_mins": 4159807, "img_icon_url": "109c74df17f9b67ea47d8f01e3d1ec25278b9f73", "pagerank_centrality": 0.0009549039854772668, "img_logo_url": "37e9da3f1174891fe38f8fb0206acda8b6bfc729"}, {"type": "game", "name": "Dead Island", "genres": ["Action", "Casual"], "has_community_visible_stats": true, "id": "91310", "pagerank_filtered_centrality": 0.0005120184652731056, "degree": 2059, "played_total_mins": 1963040, "img_icon_url": "1df9ab123c2180d8933038be7578a21e2442befb", "pagerank_centrality": 0.0004989902921766415, "img_logo_url": "62632a275a4cc08f0238ed3d589ce1d8627fde91"}, {"type": "game", "name": "Call of Duty: Modern Warfare 2 - Multiplayer", "genres": ["Action", "Casual"], "has_community_visible_stats": true, "id": "10190", "pagerank_filtered_centrality": 0.003688512227052089, "degree": 2073, "played_total_mins": 16463151, "img_icon_url": "7dd7c2d5bce2413131762d7cbee3f059614ed69d", "pagerank_centrality": 0.0035523171281728306, "img_logo_url": "070cad064b3a81d6ede0f6054d9eb763004a07e0"}, {"type": "game", "name": "Factorio", "genres": ["Action", "Casual"], "has_community_visible_stats": true, "id": "427520", "pagerank_filtered_centrality": 0.000557510127258361, "degree": 445, "played_total_mins": 2395975, "img_icon_url": "267f5a89f36ab287e600a4e7d4e73d3d11f0fd7d", "pagerank_centrality": 0.0005396873858378025, "img_logo_url": "95e5aa627ae1481b1dea293f6db5954e8aa79f41"}, {"type": "game", "name": "The Elder Scrolls V: Skyrim", "genres": ["Action", "Casual"], "has_community_visible_stats": true, "id": "72850", "pagerank_filtered_centrality": 0.0033578243938207583, "degree": 2991, "played_total_mins": 13760813, "img_icon_url": "b9aca8a189abd8d6aaf09047dbb0f57582683e1c", "pagerank_centrality": 0.003263500940018135, "img_logo_url": "c5af3cde13610fca25cd17634a96d72487d21e74"}, {"type": "game", "name": "The Binding of Isaac", "genres": ["Action", "Casual"], "has_community_visible_stats": true, "id": "113200", "pagerank_filtered_centrality": 0.0005955305397879995, "degree": 1512, "played_total_mins": 2326315, "img_icon_url": "383cf045ca20625db18f68ef5e95169012118b9e", "pagerank_centrality": 0.0005788438533241567, "img_logo_url": "d9a7ee7e07dffed1700cb8b3b9482105b88cc5b5"}, {"type": "game", "name": "Subnautica", "genres": ["Action", "Casual"], "has_community_visible_stats": true, "id": "264710", "pagerank_filtered_centrality": 0.0002661465448523232, "degree": 614, "played_total_mins": 1034114, "img_icon_url": "8a14ceef6e230330a916d7a6324b8c52d464d569", "pagerank_centrality": 0.0002620405286203749, "img_logo_url": "6059fdff44c76186ec880db99bae979eccc8b186"}, {"type": "game", "name": "DARK SOULS\u2122 II", "genres": ["Action", "Casual"], "has_community_visible_stats": true, "id": "236430", "pagerank_filtered_centrality": 0.0005082327659159426, "degree": 567, "played_total_mins": 2206388, "img_icon_url": "8d5b3da903efb047d4efb670c08714a4d1071e83", "pagerank_centrality": 0.0004927590363377723, "img_logo_url": "d16871e0aa9196e5e7d865f76fbed278a0309e85"}, {"type": "game", "name": "Battlefield: Bad Company 2", "genres": ["Action", "Casual"], "has_community_visible_stats": false, "id": "24960", "pagerank_filtered_centrality": 0.0024071744443327535, "degree": 1659, "played_total_mins": 10424015, "img_icon_url": "3a8b5c53efd00554eb3315681754974c3edf1c41", "pagerank_centrality": 0.0023230148807955103, "img_logo_url": "969a07d20786b5f536122d70f2c3eedc1eca5ede"}, {"type": "game", "name": "Secret World Legends", "genres": ["Action", "Casual"], "has_community_visible_stats": false, "id": "215280", "pagerank_filtered_centrality": 0.00024696557233868814, "degree": 404, "played_total_mins": 684966, "img_icon_url": "8a5e538dc4a0a2eb2e169120cb395a4aa018e9c7", "pagerank_centrality": 0.0002650546321933167, "img_logo_url": "58018d1b0ee71525e0f229ab5628a45eb8633a29"}, {"type": "game", "name": "Half-Life 2: Deathmatch", "genres": ["Action", "Casual"], "has_community_visible_stats": true, "id": "320", "pagerank_filtered_centrality": 0.0002530593534448867, "degree": 7902, "played_total_mins": 983995, "img_icon_url": "795e85364189511f4990861b578084deef086cb1", "pagerank_centrality": 0.00024674126916448364, "img_logo_url": "6dd9f66771300f2252d411e50739a1ceae9e5b30"}, {"type": "game", "name": "Total War: WARHAMMER II", "genres": ["Action", "Casual"], "has_community_visible_stats": true, "id": "594570", "pagerank_filtered_centrality": 0.000260914530123009, "degree": 272, "played_total_mins": 1205866, "img_icon_url": "fe90760b3b9537216e52ccc5d88de2e67ac500c2", "pagerank_centrality": 0.0002516624125276649, "img_logo_url": "a752b2873a294084371eb484268d90c2abdbfda9"}, {"type": "game", "name": "Total War: ROME II - Emperor Edition", "genres": ["Action", "Casual"], "has_community_visible_stats": true, "id": "214950", "pagerank_filtered_centrality": 0.0006375453530831953, "degree": 669, "played_total_mins": 2969991, "img_icon_url": "08ae0b3454bfe8e7ae9038331b27629667119a24", "pagerank_centrality": 0.0006145719655263413, "img_logo_url": "3d7288fc5fd2d84036845fcc052e18374fcc6ccd"}, {"type": "game", "name": "Idle Champions of the Forgotten Realms", "genres": ["Action", "Casual"], "has_community_visible_stats": true, "id": "627690", "pagerank_filtered_centrality": 0.0004977323216654626, "degree": 183, "played_total_mins": 1518127, "img_icon_url": "1abb043002c041c59a7a945b3706d0bd5a223dbc", "pagerank_centrality": 0.0004887927991021609, "img_logo_url": "338df30c0ce4cce4da400955e90d72fcc87b2d53"}, {"type": "game", "name": "Euro Truck Simulator 2", "genres": ["Action", "Casual"], "has_community_visible_stats": true, "id": "227300", "pagerank_filtered_centrality": 0.0005181294542640436, "degree": 1127, "played_total_mins": 1945137, "img_icon_url": "adc18a4fc9adc0330144b76d61cbda68bb2394a0", "pagerank_centrality": 0.000502825273925395, "img_logo_url": "719b87f11209f9f20aeb237b3c6a42992bcf7c57"}, {"type": "game", "name": "Half-Life 2", "genres": ["Action", "Casual"], "has_community_visible_stats": true, "id": "220", "pagerank_filtered_centrality": 0.0007413478150775457, "degree": 7148, "played_total_mins": 2264756, "img_icon_url": "fcfb366051782b8ebf2aa297f3b746395858cb62", "pagerank_centrality": 0.0007242129216332999, "img_logo_url": "e4ad9cf1b7dc8475c1118625daf9abd4bdcbcad0"}, {"type": "game", "name": "The Witcher 2: Assassins of Kings Enhanced Edition", "genres": ["Action", "Casual"], "has_community_visible_stats": true, "id": "20920", "pagerank_filtered_centrality": 0.0003580409401700998, "degree": 2026, "played_total_mins": 1409937, "img_icon_url": "62dd5c627664df1bcabc47727c7dcd7ccab353e9", "pagerank_centrality": 0.0003476442816585288, "img_logo_url": "f0274a91931ed39f7c69dca9f907ceae6450785c"}, {"type": "game", "name": "The Witcher 3: Wild Hunt", "genres": ["Action", "Casual"], "has_community_visible_stats": true, "id": "292030", "pagerank_filtered_centrality": 0.0010312627382273933, "degree": 1283, "played_total_mins": 4303174, "img_icon_url": "87118494c65a92e1ac4c9734ce91950c1d6fe9a5", "pagerank_centrality": 0.0010013020671595404, "img_logo_url": "2f22c2e5528b78662988dfcb0fc9aad372f01686"}, {"type": "game", "name": "H1Z1", "genres": ["Action", "Casual"], "has_community_visible_stats": true, "id": "433850", "pagerank_filtered_centrality": 0.0017372599332325937, "degree": 2015, "played_total_mins": 9378579, "img_icon_url": "a7a0cef96f9cf83f4afd7cb52a48174f2dfbb663", "pagerank_centrality": 0.001659712265784638, "img_logo_url": "7dfbc2eb2a886dd91bb4fbeb9b6886ce9b0374dc"}, {"type": "game", "name": "Prison Architect", "genres": ["Action", "Casual"], "has_community_visible_stats": true, "id": "233450", "pagerank_filtered_centrality": 0.0003420382274537003, "degree": 1326, "played_total_mins": 1388508, "img_icon_url": "c166c7911beec4d63a74cdddf25f26b73c84556b", "pagerank_centrality": 0.0003317610561141773, "img_logo_url": "fe2f32349f62c1a5d6ee48abd87a6232d32724d1"}, {"type": "game", "name": "Don't Starve Together", "genres": ["Action", "Casual"], "has_community_visible_stats": true, "id": "322330", "pagerank_filtered_centrality": 0.00028809298604687034, "degree": 1536, "played_total_mins": 1085211, "img_icon_url": "a80aa6cff8eebc1cbc18c367d9ab063e1553b0ee", "pagerank_centrality": 0.00028066452583111196, "img_logo_url": "fab2e3b2ec6d14c6fc3ccd1671e85f85d0bbd91e"}, {"type": "game", "name": "Hearts of Iron IV", "genres": ["Action", "Casual"], "has_community_visible_stats": true, "id": "394360", "pagerank_filtered_centrality": 0.00024196243327711744, "degree": 166, "played_total_mins": 1185112, "img_icon_url": "134bcd93ec4d31ec4a6640d6bdd73f22f0a7619f", "pagerank_centrality": 0.00023337098973391697, "img_logo_url": "8e261ddeb8da5e057d0f765d8dd4833fb568fd61"}, {"type": "game", "name": "DARK SOULS\u2122: Prepare To Die Edition", "genres": ["Action", "Casual"], "has_community_visible_stats": true, "id": "211420", "pagerank_filtered_centrality": 0.0008324300632979541, "degree": 1552, "played_total_mins": 3352729, "img_icon_url": "a24804c6c8412c8cd9d50efd06bf03fa58ff80a9", "pagerank_centrality": 0.0008062924870351082, "img_logo_url": "d293c8e38f56de2c7097b2c7a975caca49029a8b"}, {"type": "game", "name": "EVGA Precision XOC", "genres": ["Action", "Casual"], "has_community_visible_stats": true, "id": "268850", "pagerank_filtered_centrality": 0.0003297000815603192, "degree": 436, "played_total_mins": 1799338, "img_icon_url": "67f065fc55e10bbba8c7ddc08b6433d9706186dd", "pagerank_centrality": 0.00031579067374736057, "img_logo_url": "3c56a6d902a4cb3bb8dc495314102c9db9e72bd0"}, {"type": "game", "name": "METAL GEAR SOLID V: THE PHANTOM PAIN", "genres": ["Action", "Casual"], "has_community_visible_stats": true, "id": "287700", "pagerank_filtered_centrality": 0.0006684002177599942, "degree": 838, "played_total_mins": 2686103, "img_icon_url": "7a1737163c96ea641143db45709a4ac444ba8f7b", "pagerank_centrality": 0.0006487142605321189, "img_logo_url": "6af3d5aae37f4d5e6add4f49d5edd58f7bdd420b"}, {"type": "game", "name": "Call of Duty: Black Ops III", "genres": ["Action", "Casual"], "has_community_visible_stats": true, "id": "311210", "pagerank_filtered_centrality": 0.0005429428875558097, "degree": 583, "played_total_mins": 2394874, "img_icon_url": "bd3e3a9516b480164df25d16e49ae4ce4a063cb4", "pagerank_centrality": 0.0005231251703356878, "img_logo_url": "baafcb41da391b280df931b525d3be58580989e7"}, {"type": "game", "name": "Left 4 Dead 2", "genres": ["Action", "Casual"], "has_community_visible_stats": true, "id": "550", "pagerank_filtered_centrality": 0.005550717823645932, "degree": 6015, "played_total_mins": 23633452, "img_icon_url": "7d5a243f9500d2f8467312822f8af2a2928777ed", "pagerank_centrality": 0.005359014351740894, "img_logo_url": "205863cc21e751a576d6fff851984b3170684142"}, {"type": "game", "name": "DARK SOULS\u2122 II: Scholar of the First Sin", "genres": ["Action", "Casual"], "has_community_visible_stats": true, "id": "335300", "pagerank_filtered_centrality": 0.00033430351370064646, "degree": 695, "played_total_mins": 1378011, "img_icon_url": "6e665503e93d1383b774a68dfea23ac7afc0e3aa", "pagerank_centrality": 0.0003239337650992716, "img_logo_url": "6ca16aa1b83311e5e3e8f0f0c2b8046f5d9e95a8"}, {"type": "game", "name": "Black Desert Online", "genres": ["Action", "Casual"], "has_community_visible_stats": true, "id": "582660", "pagerank_filtered_centrality": 0.0005622076054990832, "degree": 329, "played_total_mins": 3010086, "img_icon_url": "eac8a7001f56a29059d4573cdcc17bc00bd42e4d", "pagerank_centrality": 0.0005406109826893952, "img_logo_url": "a7f54447b3622629240e60432ebca2fb4ff2c1e6"}], "links": [], "directed": false, "graph": {}}