{"name": "200", "children": [{"name": "Action", "children": [{"name": "Counter-Strike: Global Offensive", "size": 308017214}, {"name": "Counter-Strike", "size": 159027385}, {"name": "Dota 2", "size": 150112590}, {"name": "Team Fortress 2", "size": 79538658}, {"name": "Counter-Strike: Source", "size": 75093937}, {"name": "PLAYERUNKNOWN'S BATTLEGROUNDS", "size": 50218379}, {"name": "Left 4 Dead 2", "size": 23633452}, {"name": "Rocket League", "size": 20470520}, {"name": "Path of Exile", "size": 19377736}, {"name": "Rust", "size": 18748245}, {"name": "Call of Duty: Modern Warfare 2 - Multiplayer", "size": 16463151}, {"name": "Day of Defeat: Source", "size": 11517055}, {"name": "Grand Theft Auto V", "size": 13847868}, {"name": "Arma 3", "size": 14585754}, {"name": "ARK: Survival Evolved", "size": 13319318}, {"name": "Left 4 Dead", "size": 10739269}, {"name": "Battlefield: Bad Company 2", "size": 10424015}, {"name": "Borderlands 2", "size": 9726990}, {"name": "Day of Defeat", "size": 7951160}, {"name": "Warframe", "size": 10476533}, {"name": "PAYDAY 2", "size": 8234529}, {"name": "Natural Selection 2", "size": 8596225}, {"name": "Terraria", "size": 6888746}, {"name": "H1Z1", "size": 9378579}, {"name": "Counter-Strike: Condition Zero", "size": 6333318}, {"name": "Just Survive", "size": 8305620}, {"name": "Killing Floor", "size": 6213069}, {"name": "Call of Duty: Black Ops - Multiplayer", "size": 6282995}, {"name": "War Thunder", "size": 6400617}, {"name": "Arma 2: Operation Arrowhead", "size": 5907407}, {"name": "DayZ", "size": 6148445}, {"name": "Team Fortress Classic", "size": 5392425}, {"name": "Mount & Blade: Warband", "size": 5227641}, {"name": "Portal 2", "size": 3760681}, {"name": "The Binding of Isaac: Rebirth", "size": 4046644}, {"name": "PlanetSide 2", "size": 4559629}, {"name": "Borderlands", "size": 3770676}, {"name": "Fallout: New Vegas", "size": 3945030}, {"name": "Call of Duty: Black Ops II - Multiplayer", "size": 4224275}, {"name": "Half-Life", "size": 3024322}, {"name": "DARK SOULS\u2122: Prepare To Die Edition", "size": 3352729}, {"name": "7 Days to Die", "size": 3822990}, {"name": "Dungeon Defenders", "size": 3389077}, {"name": "EVE Online", "size": 3842795}, {"name": "Half-Life 2", "size": 2264756}, {"name": "Killing Floor 2", "size": 3270569}, {"name": "DARK SOULS\u2122 III", "size": 3125164}, {"name": "Starbound", "size": 2885108}, {"name": "Grand Theft Auto IV", "size": 2865059}, {"name": "Elite Dangerous", "size": 2895658}, {"name": "Torchlight II", "size": 2666366}, {"name": "METAL GEAR SOLID V: THE PHANTOM PAIN", "size": 2686103}, {"name": "Tom Clancy's The Division", "size": 3163506}, {"name": "Tom Clancy's Rainbow Six Siege", "size": 2953211}, {"name": "Total War: WARHAMMER", "size": 2943035}, {"name": "The Binding of Isaac", "size": 2326315}, {"name": "Chivalry: Medieval Warfare", "size": 2600167}, {"name": "SMITE", "size": 2576836}, {"name": "Black Desert Online", "size": 3010086}, {"name": "Heroes & Generals", "size": 2546537}, {"name": "Call of Duty: Black Ops III", "size": 2394874}, {"name": "Saints Row: The Third", "size": 1968210}, {"name": "DARK SOULS\u2122 II", "size": 2206388}, {"name": "Dead by Daylight", "size": 2301146}, {"name": "Idle Champions of the Forgotten Realms", "size": 1518127}, {"name": "Awesomenauts", "size": 1855149}, {"name": "Space Engineers", "size": 2209681}, {"name": "Paladins", "size": 1997934}, {"name": "Ultra Street Fighter IV", "size": 2196179}, {"name": "Dying Light", "size": 1831221}, {"name": "Grim Dawn", "size": 1825605}, {"name": "Rising Storm/Red Orchestra 2 Multiplayer", "size": 1918663}, {"name": "APB Reloaded", "size": 2264532}, {"name": "DOOM", "size": 1479198}, {"name": "BioShock Infinite", "size": 1437755}, {"name": "Middle-earth\u2122: Shadow of Mordor\u2122", "size": 1496117}, {"name": "Infestation: Survivor Stories Classic", "size": 1969943}, {"name": "Insurgency", "size": 1675065}, {"name": "Far Cry\u00ae 3", "size": 1533677}, {"name": "Call of Duty: Modern Warfare 2", "size": 1520842}, {"name": "Alien Swarm", "size": 1308589}, {"name": "Tomb Raider", "size": 1289987}, {"name": "Dirty Bomb", "size": 1669121}, {"name": "Magicka", "size": 1364871}, {"name": "Portal", "size": 1099510}, {"name": "Street Fighter V: Arcade Edition", "size": 1567129}, {"name": "Spiral Knights", "size": 1179417}, {"name": "DARK SOULS\u2122 II: Scholar of the First Sin", "size": 1378011}, {"name": "Mass Effect", "size": 1260817}, {"name": "Dishonored", "size": 1149480}, {"name": "Borderlands: The Pre-Sequel", "size": 1170835}, {"name": "Quake Live", "size": 1203960}, {"name": "Battlerite", "size": 1286064}, {"name": "Robocraft", "size": 1207429}, {"name": "Call of Duty: Black Ops", "size": 1217825}, {"name": "Warhammer: End Times - Vermintide", "size": 1154715}, {"name": "Secret World Legends", "size": 684966}, {"name": "The Witcher: Enhanced Edition", "size": 1000926}, {"name": "Neverwinter", "size": 1161723}, {"name": "Quake Champions", "size": 434110}, {"name": "Batman: Arkham City GOTY", "size": 927618}, {"name": "Insurgency: Modern Infantry Combat", "size": 763250}, {"name": "Rise of the Tomb Raider", "size": 922366}, {"name": "Saints Row IV", "size": 915258}, {"name": "Total War: WARHAMMER II", "size": 1205866}, {"name": "Mad Max", "size": 897058}, {"name": "Half-Life 2: Deathmatch", "size": 983995}, {"name": "Batman\u2122: Arkham Knight", "size": 868908}, {"name": "Just Cause 2", "size": 869029}, {"name": "Batman\u2122: Arkham Origins", "size": 821948}, {"name": "PAYDAY: The Heist", "size": 883788}, {"name": "Half-Life: Opposing Force", "size": 979741}, {"name": "Company of Heroes ", "size": 897160}, {"name": "Batman: Arkham Asylum GOTY Edition", "size": 809671}, {"name": "Orcs Must Die! 2", "size": 830312}, {"name": "Evolve Stage 2", "size": 943808}, {"name": "Unturned", "size": 918088}, {"name": "Sleeping Dogs\u2122", "size": 792667}, {"name": "Call of Duty: WWII - Multiplayer", "size": 924113}, {"name": "Time Clickers", "size": 763042}, {"name": "Half-Life 2: Episode Two", "size": 701415}, {"name": "Life is Feudal: Your Own", "size": 948674}, {"name": "Hitman: Absolution", "size": 799000}]}, {"name": "Free to Play", "children": [{"name": "Dota 2", "size": 150112590}, {"name": "Team Fortress 2", "size": 79538658}, {"name": "Path of Exile", "size": 19377736}, {"name": "Clicker Heroes", "size": 12711374}, {"name": "Warframe", "size": 10476533}, {"name": "H1Z1", "size": 9378579}, {"name": "War Thunder", "size": 6400617}, {"name": "PlanetSide 2", "size": 4559629}, {"name": "AdVenture Capitalist", "size": 3521083}, {"name": "EVE Online", "size": 3842795}, {"name": "RIFT", "size": 2808634}, {"name": "SMITE", "size": 2576836}, {"name": "Heroes & Generals", "size": 2546537}, {"name": "Idle Champions of the Forgotten Realms", "size": 1518127}, {"name": "Awesomenauts", "size": 1855149}, {"name": "Crusaders of the Lost Idols", "size": 1474789}, {"name": "Paladins", "size": 1997934}, {"name": "APB Reloaded", "size": 2264532}, {"name": "ArcheAge", "size": 1808741}, {"name": "Dirty Bomb", "size": 1669121}, {"name": "Spiral Knights", "size": 1179417}, {"name": "Star Trek Online", "size": 1355242}, {"name": "Battlerite", "size": 1286064}, {"name": "Robocraft", "size": 1207429}, {"name": "Secret World Legends", "size": 684966}, {"name": "Neverwinter", "size": 1161723}, {"name": "Tree of Savior (English Ver.)", "size": 1172725}, {"name": "Evolve Stage 2", "size": 943808}, {"name": "Realm Grinder", "size": 882424}, {"name": "Unturned", "size": 918088}, {"name": "Time Clickers", "size": 763042}, {"name": "Midas Gold Plus", "size": 676412}]}, {"name": "Strategy", "children": [{"name": "Dota 2", "size": 150112590}, {"name": "Sid Meier's Civilization V", "size": 12817454}, {"name": "Arma 3", "size": 14585754}, {"name": "Clicker Heroes", "size": 12711374}, {"name": "Natural Selection 2", "size": 8596225}, {"name": "Arma 2: Operation Arrowhead", "size": 5907407}, {"name": "XCOM: Enemy Unknown", "size": 3980857}, {"name": "Age of Empires II: HD Edition", "size": 4159807}, {"name": "7 Days to Die", "size": 3822990}, {"name": "Dungeon Defenders", "size": 3389077}, {"name": "EVE Online", "size": 3842795}, {"name": "Europa Universalis IV", "size": 3885637}, {"name": "Company of Heroes 2", "size": 3368651}, {"name": "XCOM 2", "size": 2823566}, {"name": "Elite Dangerous", "size": 2895658}, {"name": "Empire: Total War", "size": 2818198}, {"name": "Total War: WARHAMMER", "size": 2943035}, {"name": "FTL: Faster Than Light", "size": 2452670}, {"name": "Total War: ROME II - Emperor Edition", "size": 2969991}, {"name": "Stellaris", "size": 2767796}, {"name": "Total War: SHOGUN 2", "size": 2692618}, {"name": "Cities: Skylines", "size": 2328363}, {"name": "Sid Meier's Civilization VI", "size": 2410044}, {"name": "Warhammer 40,000: Dawn of War II", "size": 2325322}, {"name": "Black Desert Online", "size": 3010086}, {"name": "Crusader Kings II", "size": 2482827}, {"name": "Factorio", "size": 2395975}, {"name": "Idle Champions of the Forgotten Realms", "size": 1518127}, {"name": "Awesomenauts", "size": 1855149}, {"name": "Space Engineers", "size": 2209681}, {"name": "Insurgency", "size": 1675065}, {"name": "Plants vs. Zombies: Game of the Year", "size": 1325106}, {"name": "Company of Heroes: Tales of Valor", "size": 1609240}, {"name": "Divinity: Original Sin 2", "size": 1462792}, {"name": "Warhammer 40,000: Dawn of War II - Retribution", "size": 1447280}, {"name": "Prison Architect", "size": 1388508}, {"name": "RimWorld", "size": 1445294}, {"name": "Darkest Dungeon", "size": 1197394}, {"name": "Sid Meier's Civilization IV: Beyond the Sword", "size": 1177486}, {"name": "Total War: WARHAMMER II", "size": 1205866}, {"name": "Divinity: Original Sin (Classic)", "size": 919914}, {"name": "Hearts of Iron IV", "size": 1185112}, {"name": "Tropico 4", "size": 912265}, {"name": "Company of Heroes ", "size": 897160}, {"name": "Orcs Must Die! 2", "size": 830312}, {"name": "Realm Grinder", "size": 882424}]}, {"name": "Violent", "children": [{"name": "PLAYERUNKNOWN'S BATTLEGROUNDS", "size": 50218379}, {"name": "Path of Exile", "size": 19377736}, {"name": "Rust", "size": 18748245}, {"name": "Warframe", "size": 10476533}, {"name": "Just Survive", "size": 8305620}, {"name": "7 Days to Die", "size": 3822990}, {"name": "Black Desert Online", "size": 3010086}, {"name": "Dead by Daylight", "size": 2301146}, {"name": "Warhammer: End Times - Vermintide", "size": 1154715}, {"name": "Quake Champions", "size": 434110}, {"name": "Company of Heroes ", "size": 897160}, {"name": "Call of Duty: WWII - Multiplayer", "size": 924113}]}, {"name": "Adventure", "children": [{"name": "PLAYERUNKNOWN'S BATTLEGROUNDS", "size": 50218379}, {"name": "Path of Exile", "size": 19377736}, {"name": "Rust", "size": 18748245}, {"name": "Grand Theft Auto V", "size": 13847868}, {"name": "ARK: Survival Evolved", "size": 13319318}, {"name": "Clicker Heroes", "size": 12711374}, {"name": "Terraria", "size": 6888746}, {"name": "H1Z1", "size": 9378579}, {"name": "Just Survive", "size": 8305620}, {"name": "Portal 2", "size": 3760681}, {"name": "7 Days to Die", "size": 3822990}, {"name": "Starbound", "size": 2885108}, {"name": "Grand Theft Auto IV", "size": 2865059}, {"name": "Elite Dangerous", "size": 2895658}, {"name": "Torchlight II", "size": 2666366}, {"name": "METAL GEAR SOLID V: THE PHANTOM PAIN", "size": 2686103}, {"name": "Tom Clancy's The Division", "size": 3163506}, {"name": "The Binding of Isaac", "size": 2326315}, {"name": "Black Desert Online", "size": 3010086}, {"name": "Call of Duty: Black Ops III", "size": 2394874}, {"name": "Idle Champions of the Forgotten Realms", "size": 1518127}, {"name": "Grim Dawn", "size": 1825605}, {"name": "Middle-earth\u2122: Shadow of Mordor\u2122", "size": 1496117}, {"name": "Far Cry\u00ae 3", "size": 1533677}, {"name": "Tomb Raider", "size": 1289987}, {"name": "Divinity: Original Sin 2", "size": 1462792}, {"name": "Spiral Knights", "size": 1179417}, {"name": "Dishonored", "size": 1149480}, {"name": "Don't Starve Together", "size": 1085211}, {"name": "The Walking Dead", "size": 980955}, {"name": "Secret World Legends", "size": 684966}, {"name": "Neverwinter", "size": 1161723}, {"name": "Subnautica", "size": 1034114}, {"name": "Batman: Arkham City GOTY", "size": 927618}, {"name": "Rise of the Tomb Raider", "size": 922366}, {"name": "Saints Row IV", "size": 915258}, {"name": "Mad Max", "size": 897058}, {"name": "Batman\u2122: Arkham Knight", "size": 868908}, {"name": "Divinity: Original Sin (Classic)", "size": 919914}, {"name": "Just Cause 2", "size": 869029}, {"name": "Batman\u2122: Arkham Origins", "size": 821948}, {"name": "Batman: Arkham Asylum GOTY Edition", "size": 809671}, {"name": "Don't Starve", "size": 874343}, {"name": "Unturned", "size": 918088}, {"name": "Sleeping Dogs\u2122", "size": 792667}, {"name": "Midas Gold Plus", "size": 676412}]}, {"name": "Massively Multiplayer", "children": [{"name": "PLAYERUNKNOWN'S BATTLEGROUNDS", "size": 50218379}, {"name": "Path of Exile", "size": 19377736}, {"name": "Rust", "size": 18748245}, {"name": "ARK: Survival Evolved", "size": 13319318}, {"name": "H1Z1", "size": 9378579}, {"name": "Just Survive", "size": 8305620}, {"name": "War Thunder", "size": 6400617}, {"name": "DayZ", "size": 6148445}, {"name": "PlanetSide 2", "size": 4559629}, {"name": "EVE Online", "size": 3842795}, {"name": "Elite Dangerous", "size": 2895658}, {"name": "FINAL FANTASY XIV Online", "size": 2930368}, {"name": "RIFT", "size": 2808634}, {"name": "Black Desert Online", "size": 3010086}, {"name": "Heroes & Generals", "size": 2546537}, {"name": "Rising Storm/Red Orchestra 2 Multiplayer", "size": 1918663}, {"name": "APB Reloaded", "size": 2264532}, {"name": "Infestation: Survivor Stories Classic", "size": 1969943}, {"name": "ArcheAge", "size": 1808741}, {"name": "Spiral Knights", "size": 1179417}, {"name": "Star Trek Online", "size": 1355242}, {"name": "Robocraft", "size": 1207429}, {"name": "Secret World Legends", "size": 684966}, {"name": "The Elder Scrolls Online: Tamriel Unlimited", "size": 1127768}, {"name": "Neverwinter", "size": 1161723}, {"name": "Tree of Savior (English Ver.)", "size": 1172725}]}, {"name": "Indie", "children": [{"name": "Rocket League", "size": 20470520}, {"name": "Path of Exile", "size": 19377736}, {"name": "Rust", "size": 18748245}, {"name": "ARK: Survival Evolved", "size": 13319318}, {"name": "Clicker Heroes", "size": 12711374}, {"name": "Garry's Mod", "size": 10493197}, {"name": "Natural Selection 2", "size": 8596225}, {"name": "Terraria", "size": 6888746}, {"name": "DayZ", "size": 6148445}, {"name": "AdVenture Capitalist", "size": 3521083}, {"name": "7 Days to Die", "size": 3822990}, {"name": "Dungeon Defenders", "size": 3389077}, {"name": "Starbound", "size": 2885108}, {"name": "Torchlight II", "size": 2666366}, {"name": "Kerbal Space Program", "size": 2804950}, {"name": "FTL: Faster Than Light", "size": 2452670}, {"name": "The Binding of Isaac", "size": 2326315}, {"name": "Chivalry: Medieval Warfare", "size": 2600167}, {"name": "Assetto Corsa", "size": 2415380}, {"name": "Factorio", "size": 2395975}, {"name": "Heroes & Generals", "size": 2546537}, {"name": "Euro Truck Simulator 2", "size": 1945137}, {"name": "Idle Champions of the Forgotten Realms", "size": 1518127}, {"name": "Awesomenauts", "size": 1855149}, {"name": "Space Engineers", "size": 2209681}, {"name": "Crusaders of the Lost Idols", "size": 1474789}, {"name": "Stardew Valley", "size": 1789685}, {"name": "Grim Dawn", "size": 1825605}, {"name": "Infestation: Survivor Stories Classic", "size": 1969943}, {"name": "Insurgency", "size": 1675065}, {"name": "Prison Architect", "size": 1388508}, {"name": "Spiral Knights", "size": 1179417}, {"name": "RimWorld", "size": 1445294}, {"name": "Darkest Dungeon", "size": 1197394}, {"name": "Robocraft", "size": 1207429}, {"name": "Don't Starve Together", "size": 1085211}, {"name": "Warhammer: End Times - Vermintide", "size": 1154715}, {"name": "Subnautica", "size": 1034114}, {"name": "Universe Sandbox", "size": 1382010}, {"name": "Divinity: Original Sin (Classic)", "size": 919914}, {"name": "Orcs Must Die! 2", "size": 830312}, {"name": "Don't Starve", "size": 874343}, {"name": "Unturned", "size": 918088}, {"name": "Time Clickers", "size": 763042}, {"name": "Midas Gold Plus", "size": 676412}, {"name": "Life is Feudal: Your Own", "size": 948674}]}, {"name": "Racing", "children": [{"name": "Rocket League", "size": 20470520}, {"name": "Assetto Corsa", "size": 2415380}, {"name": "Project CARS", "size": 842040}]}, {"name": "Sports", "children": [{"name": "Rocket League", "size": 20470520}, {"name": "Football Manager 2013", "size": 3623615}, {"name": "Football Manager 2012", "size": 3209642}, {"name": "Assetto Corsa", "size": 2415380}, {"name": "Football Manager 2014", "size": 2982669}, {"name": "Football Manager 2010", "size": 1699861}, {"name": "Project CARS", "size": 842040}, {"name": "Football Manager 2009", "size": 919328}]}, {"name": "Nudity", "children": [{"name": "Path of Exile", "size": 19377736}, {"name": "Rust", "size": 18748245}, {"name": "The Witcher 3: Wild Hunt", "size": 4303174}, {"name": "7 Days to Die", "size": 3822990}, {"name": "The Witcher 2: Assassins of Kings Enhanced Edition", "size": 1409937}]}, {"name": "Gore", "children": [{"name": "Path of Exile", "size": 19377736}, {"name": "Rust", "size": 18748245}, {"name": "Just Survive", "size": 8305620}, {"name": "7 Days to Die", "size": 3822990}, {"name": "Dead by Daylight", "size": 2301146}, {"name": "Warhammer: End Times - Vermintide", "size": 1154715}, {"name": "Quake Champions", "size": 434110}, {"name": "Call of Duty: WWII - Multiplayer", "size": 924113}]}, {"name": "RPG", "children": [{"name": "Path of Exile", "size": 19377736}, {"name": "Rust", "size": 18748245}, {"name": "The Elder Scrolls V: Skyrim", "size": 13760813}, {"name": "ARK: Survival Evolved", "size": 13319318}, {"name": "Clicker Heroes", "size": 12711374}, {"name": "Borderlands 2", "size": 9726990}, {"name": "PAYDAY 2", "size": 8234529}, {"name": "Fallout 4", "size": 7377428}, {"name": "Terraria", "size": 6888746}, {"name": "Mount & Blade: Warband", "size": 5227641}, {"name": "The Witcher 3: Wild Hunt", "size": 4303174}, {"name": "Borderlands", "size": 3770676}, {"name": "Fallout: New Vegas", "size": 3945030}, {"name": "DARK SOULS\u2122: Prepare To Die Edition", "size": 3352729}, {"name": "7 Days to Die", "size": 3822990}, {"name": "Dungeon Defenders", "size": 3389077}, {"name": "EVE Online", "size": 3842795}, {"name": "Starbound", "size": 2885108}, {"name": "Elite Dangerous", "size": 2895658}, {"name": "Torchlight II", "size": 2666366}, {"name": "Tom Clancy's The Division", "size": 3163506}, {"name": "FINAL FANTASY XIV Online", "size": 2930368}, {"name": "RIFT", "size": 2808634}, {"name": "The Binding of Isaac", "size": 2326315}, {"name": "Black Desert Online", "size": 3010086}, {"name": "Crusader Kings II", "size": 2482827}, {"name": "DARK SOULS\u2122 II", "size": 2206388}, {"name": "Stardew Valley", "size": 1789685}, {"name": "Dying Light", "size": 1831221}, {"name": "Grim Dawn", "size": 1825605}, {"name": "Mass Effect 2", "size": 1641477}, {"name": "Infestation: Survivor Stories Classic", "size": 1969943}, {"name": "ArcheAge", "size": 1808741}, {"name": "Magicka", "size": 1364871}, {"name": "The Witcher 2: Assassins of Kings Enhanced Edition", "size": 1409937}, {"name": "Dragon Age: Origins", "size": 1415648}, {"name": "Pillars of Eternity", "size": 1283171}, {"name": "Divinity: Original Sin 2", "size": 1462792}, {"name": "Spiral Knights", "size": 1179417}, {"name": "DARK SOULS\u2122 II: Scholar of the First Sin", "size": 1378011}, {"name": "Mass Effect", "size": 1260817}, {"name": "Star Trek Online", "size": 1355242}, {"name": "Borderlands: The Pre-Sequel", "size": 1170835}, {"name": "Darkest Dungeon", "size": 1197394}, {"name": "Torchlight", "size": 1058885}, {"name": "Robocraft", "size": 1207429}, {"name": "Secret World Legends", "size": 684966}, {"name": "The Elder Scrolls Online: Tamriel Unlimited", "size": 1127768}, {"name": "The Witcher: Enhanced Edition", "size": 1000926}, {"name": "Neverwinter", "size": 1161723}, {"name": "Tree of Savior (English Ver.)", "size": 1172725}, {"name": "Divinity: Original Sin (Classic)", "size": 919914}, {"name": "The Elder Scrolls V: Skyrim Special Edition", "size": 958576}, {"name": "Realm Grinder", "size": 882424}, {"name": "FINAL FANTASY VII", "size": 834543}, {"name": "Midas Gold Plus", "size": 676412}, {"name": "Life is Feudal: Your Own", "size": 948674}]}, {"name": "Simulation", "children": [{"name": "Arma 3", "size": 14585754}, {"name": "Clicker Heroes", "size": 12711374}, {"name": "Garry's Mod", "size": 10493197}, {"name": "War Thunder", "size": 6400617}, {"name": "Arma 2: Operation Arrowhead", "size": 5907407}, {"name": "7 Days to Die", "size": 3822990}, {"name": "Europa Universalis IV", "size": 3885637}, {"name": "Elite Dangerous", "size": 2895658}, {"name": "Football Manager 2013", "size": 3623615}, {"name": "Kerbal Space Program", "size": 2804950}, {"name": "FTL: Faster Than Light", "size": 2452670}, {"name": "Stellaris", "size": 2767796}, {"name": "Assetto Corsa", "size": 2415380}, {"name": "Football Manager 2014", "size": 2982669}, {"name": "Cities: Skylines", "size": 2328363}, {"name": "Black Desert Online", "size": 3010086}, {"name": "Crusader Kings II", "size": 2482827}, {"name": "Factorio", "size": 2395975}, {"name": "Euro Truck Simulator 2", "size": 1945137}, {"name": "Space Engineers", "size": 2209681}, {"name": "Stardew Valley", "size": 1789685}, {"name": "Rising Storm/Red Orchestra 2 Multiplayer", "size": 1918663}, {"name": "Infestation: Survivor Stories Classic", "size": 1969943}, {"name": "Prison Architect", "size": 1388508}, {"name": "Football Manager 2010", "size": 1699861}, {"name": "RimWorld", "size": 1445294}, {"name": "Robocraft", "size": 1207429}, {"name": "Don't Starve Together", "size": 1085211}, {"name": "Universe Sandbox", "size": 1382010}, {"name": "Hearts of Iron IV", "size": 1185112}, {"name": "Tropico 4", "size": 912265}, {"name": "Project CARS", "size": 842040}, {"name": "Don't Starve", "size": 874343}, {"name": "Life is Feudal: Your Own", "size": 948674}, {"name": "Football Manager 2009", "size": 919328}]}, {"name": "Casual", "children": [{"name": "Clicker Heroes", "size": 12711374}, {"name": "AdVenture Capitalist", "size": 3521083}, {"name": "Starbound", "size": 2885108}, {"name": "Factorio", "size": 2395975}, {"name": "Crusaders of the Lost Idols", "size": 1474789}, {"name": "Spiral Knights", "size": 1179417}, {"name": "Universe Sandbox", "size": 1382010}, {"name": "Unturned", "size": 918088}, {"name": "Time Clickers", "size": 763042}, {"name": "Midas Gold Plus", "size": 676412}]}, {"name": "Early Access", "children": [{"name": "Just Survive", "size": 8305620}, {"name": "DayZ", "size": 6148445}, {"name": "7 Days to Die", "size": 3822990}, {"name": "Factorio", "size": 2395975}, {"name": "Idle Champions of the Forgotten Realms", "size": 1518127}, {"name": "Space Engineers", "size": 2209681}, {"name": "Paladins", "size": 1997934}, {"name": "RimWorld", "size": 1445294}, {"name": "Quake Champions", "size": 434110}]}, {"name": "Utilities", "children": [{"name": "EVGA Precision XOC", "size": 1799338}]}]}