{"name": "200", "children": [{"name": "Swaziland", "children": [{"name": "byteframe \ud83e\udd23 is awesome \ud83d\ude41", "size": 1175249}]}, {"name": "Venezuela", "children": [{"name": "SAYJELOU", "size": 10857279}, {"name": "sayjelou", "size": 1717576}, {"name": "sayjelou/daniel", "size": 1311177}]}, {"name": "Australia", "children": [{"name": "alphabetsoup", "size": 1586784}, {"name": "KRiSX", "size": 543916}, {"name": "Ka1z", "size": 1123699}]}, {"name": "Singapore", "children": [{"name": "Frosty.", "size": 10112921}]}, {"name": "United States", "children": [{"name": "Plasma", "size": 1921066}, {"name": "Pennoyer", "size": 1423254}, {"name": "KroganAlly", "size": 928467}, {"name": "Bigshrimp", "size": 1156548}, {"name": "Mork", "size": 1434978}, {"name": "Slash", "size": 756877}, {"name": "JonesR", "size": 1100469}, {"name": "way-o", "size": 2145246}, {"name": "Sol Invictus", "size": 2011006}, {"name": "jxtn \u0e51\ufb65 snail reactions", "size": 1101828}, {"name": "n,n.", "size": 1033157}, {"name": "bruk", "size": 654502}, {"name": "Wolfret D. Caigan", "size": 394062}, {"name": "Zips", "size": 450769}, {"name": "Catfood Hungler Bones", "size": 432682}, {"name": "EnemyWithin (lvl 100/2100 games)", "size": 411508}, {"name": "Ceildric", "size": 675287}, {"name": "\u263c ColdSun", "size": 545000}, {"name": "Nomad `o_", "size": 639114}, {"name": "starless", "size": 1119142}, {"name": "BASEBALLFURIES", "size": 606989}, {"name": "SPACE MARINE!", "size": 953067}, {"name": "FlamingoAssasian", "size": 119903}, {"name": "Lpzie", "size": 941835}, {"name": "LoafyMolasses", "size": 642528}, {"name": "| XpA | Sneaky.amxx", "size": 813140}]}, {"name": "Canada", "children": [{"name": "Wope", "size": 7071769}, {"name": "\u2606\uff9f.*\uff65\uff61\uff9f silly", "size": 1528549}, {"name": "amazinger", "size": 781247}, {"name": "Ebok", "size": 722310}, {"name": "\u272a Maverick-.-", "size": 1160195}, {"name": "Kingswat", "size": 941048}, {"name": "alclarity", "size": 474734}]}, {"name": "Unknown", "children": [{"name": "Jackie", "size": 1322333}, {"name": "melfice_mm", "size": 2638203}, {"name": "Where is my pudding?", "size": 6130522}, {"name": "r6d2", "size": 859582}, {"name": "Piston Smashed\u2122", "size": 957841}, {"name": "CorwiN", "size": 607492}, {"name": "La Patate Gratinee", "size": 843966}, {"name": "Pabl0z", "size": 360050}, {"name": "osterhage", "size": 738652}, {"name": "brutalistu", "size": 955147}, {"name": "Cryoned", "size": 796078}, {"name": "jT-\u4e80", "size": 2119577}, {"name": "GiZmO", "size": 1818955}, {"name": "Bobby Kenobii", "size": 1083081}, {"name": "Leo S", "size": 236804}, {"name": "@FFA^UKWKU\u9f9814Y-5d", "size": 673149}, {"name": "maibuN \u2765 husobot.me", "size": 1222134}, {"name": "KbronCT", "size": 365529}, {"name": "ReaperDemon", "size": 1308983}, {"name": "\u2718 Halions", "size": 1137597}, {"name": "Giles", "size": 1483150}, {"name": "[Cibergon] Sithkronos", "size": 1067074}, {"name": "tzz", "size": 342782}, {"name": "PataPon", "size": 533350}, {"name": "Obiwan", "size": 782678}, {"name": "NiRiDa ! Meyler", "size": 1033341}, {"name": "Type Zer0", "size": 536762}, {"name": "\u10e6 Baltimore Burns", "size": 980922}, {"name": "MacDuro [0x0]", "size": 507671}, {"name": "Dante", "size": 744598}, {"name": "MeetYourMaker", "size": 852435}, {"name": "FODDER", "size": 1102718}, {"name": "depri\u221aed[st]", "size": 736399}, {"name": "sHaKe", "size": 1026778}, {"name": "Guidsmaster", "size": 844012}, {"name": "EsE", "size": 654367}, {"name": "MANOBRAS", "size": 1067986}, {"name": "yswsz", "size": 552763}, {"name": "|NwA| VJ -AA-", "size": 504370}, {"name": "WolfWings", "size": 405675}, {"name": "C Jay", "size": 655605}, {"name": "Borak's Basement", "size": 531445}, {"name": "TOMUh", "size": 986886}, {"name": "TrackTerror", "size": 839887}, {"name": "$*#! \u2022 tRansilvania66   (-\u2019_\u2019-)", "size": 892994}]}, {"name": "Korea, Republic of", "children": [{"name": "MonoPoly", "size": 4554307}]}, {"name": "Spain", "children": [{"name": "\uff25\uff36\uff25\uff32\uff27\uff2c\uff21\uff29\uff24\uff25", "size": 923276}, {"name": "RUNDULL\ud83d\udc4d", "size": 1049018}, {"name": "Tio Tizo", "size": 123789}, {"name": "oskuro", "size": 786622}, {"name": "XXL-MAN", "size": 772731}, {"name": "kEOxTia", "size": 577793}, {"name": "Lu7e \u00af\\_(\u30c4)_/\u00af", "size": 884567}, {"name": "perrako^^", "size": 1574427}, {"name": "PipOisOk", "size": 1580051}, {"name": "zeroj", "size": 527313}, {"name": "\u0198s\u0198", "size": 1052459}, {"name": "emejot4", "size": 1780628}, {"name": "Petazetas", "size": 845055}, {"name": "elgamerviejuno", "size": 763678}, {"name": "Xcese", "size": 443493}, {"name": "Alex Row", "size": 827800}, {"name": "mad", "size": 490816}, {"name": "Mortimer", "size": 708014}, {"name": "Cojaku", "size": 676127}, {"name": "Manu", "size": 374293}, {"name": "Cipriani83", "size": 1077361}, {"name": "LedZur", "size": 620187}, {"name": "[ESP] John Wayne \u2605", "size": 682439}, {"name": "D.CeLiBree", "size": 783446}, {"name": "Pales", "size": 510752}, {"name": "perrakillo^^", "size": 1077300}, {"name": "Quiron", "size": 966500}, {"name": "\u264f TracaMan \u264f", "size": 1200975}, {"name": "FuKuy", "size": 286281}, {"name": "Curtis", "size": 570389}, {"name": "Capt.Jimmy", "size": 423800}, {"name": "El Centinela", "size": 763170}, {"name": "Hector_evil", "size": 371134}, {"name": "Fafnir", "size": 382964}, {"name": "\u264f P1[X]eL \u264f", "size": 257171}, {"name": "Toxic487", "size": 515452}, {"name": "Phage T4", "size": 739742}, {"name": "NeoJ", "size": 341451}, {"name": "AnaManzana", "size": 215234}, {"name": "Sethimu5", "size": 428490}, {"name": "rikype", "size": 1068379}, {"name": "Zine", "size": 1089778}, {"name": "Devotio`EversT", "size": 1162934}, {"name": "SoLiD SnAkE", "size": 528241}, {"name": "Dioxete", "size": 422234}, {"name": "Alvaro Fernandez", "size": 545625}, {"name": "VALDRIK", "size": 742276}, {"name": "Oberst Hessler", "size": 613570}, {"name": "#_z3r0_-OUT[Farming cards]", "size": 342333}, {"name": "Jonhkiller", "size": 856452}, {"name": "Cris_RoLan", "size": 461653}, {"name": "hda NUNCA resuelve.", "size": 390264}, {"name": "Rais", "size": 775625}]}, {"name": "Sweden", "children": [{"name": "provista", "size": 856635}, {"name": "zebez", "size": 1168908}, {"name": "Hammer", "size": 1850115}, {"name": "Mr.Poopybutthole", "size": 834959}, {"name": "Haddock", "size": 1404055}, {"name": "Mason^-^", "size": 1068681}, {"name": "Gill", "size": 348150}, {"name": "Esaizter", "size": 650280}]}, {"name": "Norway", "children": [{"name": "\uff3a\uff41\uff52\uff42\uff4f\uff4e", "size": 1459616}]}, {"name": "Netherlands", "children": [{"name": "Duke Nukem", "size": 985021}, {"name": "G\u039bM\u039eR\u2122", "size": 654718}]}, {"name": "Germany", "children": [{"name": "kyro", "size": 862952}, {"name": "-BGM-CHEECH-\u262a", "size": 644376}, {"name": "[ NADS ]|Woman|Flower|", "size": 2161651}, {"name": "seek", "size": 707545}, {"name": "jeef", "size": 418263}, {"name": "RYAMAN", "size": 887299}, {"name": "Noose", "size": 1286442}, {"name": "@_@", "size": 443854}]}, {"name": "Romania", "children": [{"name": "\u2605 EDWARD22 | REDUCERII - ON \u2605", "size": 2370390}, {"name": "Stephan", "size": 813835}, {"name": "Adi", "size": 831762}]}, {"name": "Belgium", "children": [{"name": "Vampire Gamer", "size": 608098}, {"name": "Squad", "size": 279201}]}, {"name": "Poland", "children": [{"name": "crunksdrankswagyolo", "size": 2719608}, {"name": "Tristan", "size": 502936}, {"name": "bar.pys", "size": 723067}]}, {"name": "Denmark", "children": [{"name": "\u2605 iPodeeh \u2605", "size": 908487}, {"name": "Pulp", "size": 660456}, {"name": "Maiteria", "size": 531329}]}, {"name": "Antarctica", "children": [{"name": "kamk /idle", "size": 1185261}]}, {"name": "Niger", "children": [{"name": "nelson", "size": 1306003}]}, {"name": "India", "children": [{"name": "1kb", "size": 939636}]}, {"name": "Greece", "children": [{"name": "iaspis", "size": 701655}]}, {"name": "Japan", "children": [{"name": "aiyukeko", "size": 1329491}]}, {"name": "United Kingdom", "children": [{"name": "NecroBull", "size": 1148966}, {"name": "Alasdair", "size": 1403111}, {"name": "Ledow", "size": 492420}, {"name": "Katie <3", "size": 1156350}, {"name": "Ivans RobO", "size": 1158355}, {"name": "Killing Time", "size": 798440}, {"name": "[BT] klossi believes in magic", "size": 923659}]}, {"name": "France", "children": [{"name": "AxelTerizaki", "size": 502057}]}, {"name": "Russian Federation", "children": [{"name": "DDJoooe", "size": 1371188}, {"name": "B0R1S", "size": 188163}, {"name": "Magic Dog (rus)", "size": 383098}]}, {"name": "Kazakhstan", "children": [{"name": "\u272a Ballin'", "size": 512889}]}, {"name": "Italy", "children": [{"name": "Lux \u00c6terna", "size": 723272}, {"name": "Sephiroth983", "size": 454032}]}, {"name": "Finland", "children": [{"name": "J\u00f8hn #Team936", "size": 1286747}, {"name": "L44m4", "size": 336416}]}, {"name": "Hong Kong", "children": [{"name": "TamakiNami", "size": 341628}]}, {"name": "Switzerland", "children": [{"name": "s*ka, ne pugay kota", "size": 664166}, {"name": "MrPOW", "size": 778902}]}, {"name": "Brazil", "children": [{"name": "Geheimen", "size": 673450}]}, {"name": "Vietnam", "children": [{"name": "godmode", "size": 1174115}]}, {"name": "Andorra", "children": [{"name": "Joselet", "size": 360273}]}, {"name": "Austria", "children": [{"name": "Greedy guy", "size": 790095}]}, {"name": "Christmas Island", "children": [{"name": "richard", "size": 859684}]}, {"name": "Turkey", "children": [{"name": "llShaunWrightll", "size": 943573}]}]}